"Pair","PfamH","Pfam","PFamL"
"Amphipoda_Asellidae",0.00739957716701903,0.0848142164781906,0.35
"Amphipoda_Athericidae",0.0116279069767442,0.0339256865912763,0.015
"Amphipoda_Baetiscidae",0,0.000807754442649435,0
"Amphipoda_Brachycentridae",0.0200845665961945,0.00807754442649435,0
"Amphipoda_Caenidae",0.0211416490486258,0.037156704361874,0.0275
"Amphipoda_Calopterygidae",0.00211416490486258,0.0121163166397415,0.0225
"Amphipoda_Capniidae",0,0.00161550888529887,0
"Amphipoda_Chironomus",0,0.0145395799676898,0.0525
"Amphipoda_Chloroperlidae",0.00105708245243129,0.00161550888529887,0.0025
"Amphipoda_Coenagrionidae",0.00634249471458774,0.0250403877221325,0.075
"Amphipoda_Cordulegastridae",0,0.000807754442649435,0.005
"Amphipoda_Corixidae",0,0.00323101777059774,0.02
"Amphipoda_Corydalidae",0.0243128964059197,0.055735056542811,0.0325
"Amphipoda_Ephemerellidae",0.0285412262156448,0.0258481421647819,0.005
"Amphipoda_Ephemeridae",0.00317124735729387,0.00403877221324717,0
"Amphipoda_Glossosomatidae",0.00739957716701903,0.00807754442649435,0.0025
"Amphipoda_Gomphidae",0.0116279069767442,0.012924071082391,0.01
"Amphipoda_Haliplidae",0,0.00323101777059774,0.0175
"Amphipoda_Helicopsychidae",0.00634249471458774,0.00969305331179321,0.0075
"Amphipoda_Heptageniidae",0.0443974630021142,0.110662358642973,0.0775
"Amphipoda_Hirudinea",0.00105708245243129,0.0201938610662359,0.16
"Amphipoda_Hydroptilidae",0.0147991543340381,0.055735056542811,0.0525
"Amphipoda_Isonychiidae",0.0369978858350951,0.0436187399030695,0.005
"Amphipoda_Lepidostomatidae",0.00845665961945032,0.00403877221324717,0
"Amphipoda_Leptohyphidae",0.0200845665961945,0.0323101777059774,0.0125
"Amphipoda_Leptophlebiidae",0.00528541226215645,0.0137318255250404,0.005
"Amphipoda_Leuctridae",0.00951374207188161,0.0145395799676898,0.01
"Amphipoda_Lymnaeidae",0.00105708245243129,0.0113085621970921,0.0175
"Amphipoda_Nemouridae",0,0.000807754442649435,0
"Amphipoda_Odontoceridae",0.00211416490486258,0.00161550888529887,0
"Amphipoda_Pelecypoda",0.00528541226215645,0.0484652665589661,0.145
"Amphipoda_Peltoperlidae",0.00105708245243129,0,0
"Amphipoda_Perlidae",0.0412262156448203,0.0541195476575121,0.0225
"Amphipoda_Perlodidae",0.00317124735729387,0.0024232633279483,0
"Amphipoda_Philopotamidae",0.0443974630021142,0.126817447495961,0.115
"Amphipoda_Physidae",0.00317124735729387,0.0347334410339257,0.1
"Amphipoda_Polycentropodidae",0.00634249471458774,0.0145395799676898,0.0225
"Amphipoda_Polymitarcyidae",0.00422832980972516,0.000807754442649435,0
"Amphipoda_Potamanthidae",0.00422832980972516,0.00565428109854604,0
"Amphipoda_Psephenidae",0.0380549682875264,0.120355411954766,0.11
"Amphipoda_Pteronarcidae",0.00105708245243129,0.00161550888529887,0
"Amphipoda_Rhyacophilidae",0.0105708245243129,0.0161550888529887,0.0075
"Amphipoda_Sialidae",0.00739957716701903,0.0153473344103393,0.015
"Amphipoda_Simuliidae",0.025369978858351,0.117124394184168,0.2675
"Amphipoda_Tabanidae",0.00211416490486258,0.00646203554119548,0.045
"Amphipoda_Turbellaria",0.0116279069767442,0.0735056542810986,0.2825
"Amphipoda_Uenoidae",0.00317124735729387,0.00565428109854604,0
"Asellidae_Athericidae",0.00528541226215645,0.0113085621970921,0.0025
"Asellidae_Baetiscidae",0,0,0
"Asellidae_Brachycentridae",0.00211416490486258,0.00565428109854604,0
"Asellidae_Caenidae",0.00634249471458774,0.0137318255250404,0.03
"Asellidae_Calopterygidae",0.00105708245243129,0.00807754442649435,0.025
"Asellidae_Capniidae",0.00105708245243129,0,0
"Asellidae_Chironomus",0.00105708245243129,0.00646203554119548,0.045
"Asellidae_Chloroperlidae",0.00211416490486258,0.0024232633279483,0
"Asellidae_Coenagrionidae",0.00105708245243129,0.00969305331179321,0.0625
"Asellidae_Cordulegastridae",0,0,0.005
"Asellidae_Corixidae",0,0.00161550888529887,0.015
"Asellidae_Corydalidae",0.00634249471458774,0.024232633279483,0.0175
"Asellidae_Ephemerellidae",0.0116279069767442,0.0113085621970921,0.0075
"Asellidae_Ephemeridae",0.00211416490486258,0.00403877221324717,0
"Asellidae_Glossosomatidae",0.00317124735729387,0.00323101777059774,0.0025
"Asellidae_Gomphidae",0.00528541226215645,0.00726978998384491,0.0075
"Asellidae_Haliplidae",0,0.0024232633279483,0.0175
"Asellidae_Helicopsychidae",0.00422832980972516,0.00565428109854604,0.005
"Asellidae_Heptageniidae",0.0190274841437632,0.0597738287560582,0.0675
"Asellidae_Hirudinea",0.00211416490486258,0.0169628432956381,0.1525
"Asellidae_Hydroptilidae",0.00422832980972516,0.0363489499192246,0.04
"Asellidae_Isonychiidae",0.00739957716701903,0.0113085621970921,0.0025
"Asellidae_Lepidostomatidae",0.00528541226215645,0.0024232633279483,0.0025
"Asellidae_Leptohyphidae",0.00739957716701903,0.00726978998384491,0.0125
"Asellidae_Leptophlebiidae",0.00634249471458774,0.0121163166397415,0.0075
"Asellidae_Leuctridae",0.00634249471458774,0.0137318255250404,0.015
"Asellidae_Lymnaeidae",0.00105708245243129,0.00726978998384491,0.0175
"Asellidae_Nemouridae",0,0.000807754442649435,0
"Asellidae_Odontoceridae",0.00211416490486258,0.00403877221324717,0
"Asellidae_Pelecypoda",0.00317124735729387,0.0218093699515347,0.1225
"Asellidae_Peltoperlidae",0.00105708245243129,0.000807754442649435,0
"Asellidae_Perlidae",0.0137420718816068,0.0226171243941842,0.01
"Asellidae_Perlodidae",0.00105708245243129,0,0
"Asellidae_Philopotamidae",0.0179704016913319,0.0840064620355412,0.08
"Asellidae_Physidae",0.00105708245243129,0.0210016155088853,0.09
"Asellidae_Polycentropodidae",0.00422832980972516,0.00646203554119548,0.02
"Asellidae_Polymitarcyidae",0,0.00161550888529887,0
"Asellidae_Potamanthidae",0,0.000807754442649435,0
"Asellidae_Psephenidae",0.0116279069767442,0.0654281098546042,0.0875
"Asellidae_Pteronarcidae",0,0.0024232633279483,0
"Asellidae_Rhyacophilidae",0.00422832980972516,0.0137318255250404,0
"Asellidae_Sialidae",0.00211416490486258,0.0113085621970921,0.0125
"Asellidae_Simuliidae",0.0116279069767442,0.0823909531502423,0.1975
"Asellidae_Tabanidae",0.00105708245243129,0.00646203554119548,0.0225
"Asellidae_Turbellaria",0.00422832980972516,0.0460420032310178,0.24
"Asellidae_Uenoidae",0.00211416490486258,0.00161550888529887,0
"Athericidae_Baetiscidae",0.00211416490486258,0.000807754442649435,0
"Athericidae_Brachycentridae",0.0813953488372093,0.012924071082391,0
"Athericidae_Caenidae",0.105708245243129,0.0452342487883683,0
"Athericidae_Calopterygidae",0.00211416490486258,0.00646203554119548,0.0025
"Athericidae_Capniidae",0.00528541226215645,0,0
"Athericidae_Chironomus",0.00105708245243129,0.0024232633279483,0.0025
"Athericidae_Chloroperlidae",0.0295983086680761,0.00726978998384491,0
"Athericidae_Coenagrionidae",0.0105708245243129,0.00565428109854604,0
"Athericidae_Cordulegastridae",0.00528541226215645,0.0024232633279483,0
"Athericidae_Corixidae",0,0,0
"Athericidae_Corydalidae",0.138477801268499,0.0718901453957997,0.005
"Athericidae_Ephemerellidae",0.182875264270613,0.0403877221324717,0
"Athericidae_Ephemeridae",0.0190274841437632,0.00807754442649435,0
"Athericidae_Glossosomatidae",0.0644820295983087,0.012924071082391,0
"Athericidae_Gomphidae",0.0940803382663848,0.0347334410339257,0.0025
"Athericidae_Haliplidae",0,0,0
"Athericidae_Helicopsychidae",0.0391120507399577,0.0145395799676898,0.0025
"Athericidae_Heptageniidae",0.278012684989429,0.124394184168013,0.0025
"Athericidae_Hirudinea",0.00422832980972516,0.00323101777059774,0.005
"Athericidae_Hydroptilidae",0.040169133192389,0.0331179321486268,0.0075
"Athericidae_Isonychiidae",0.22093023255814,0.0888529886914378,0.0025
"Athericidae_Lepidostomatidae",0.0285412262156448,0.00484652665589661,0
"Athericidae_Leptohyphidae",0.0412262156448203,0.0226171243941842,0.0025
"Athericidae_Leptophlebiidae",0.0887949260042283,0.0161550888529887,0
"Athericidae_Leuctridae",0.0792811839323467,0.0274636510500808,0
"Athericidae_Lymnaeidae",0.00211416490486258,0.0024232633279483,0
"Athericidae_Nemouridae",0.00317124735729387,0.0024232633279483,0
"Athericidae_Odontoceridae",0.0517970401691332,0.00403877221324717,0
"Athericidae_Pelecypoda",0.0317124735729387,0.0210016155088853,0.005
"Athericidae_Peltoperlidae",0.0147991543340381,0.00646203554119548,0
"Athericidae_Perlidae",0.268498942917548,0.113085621970921,0.005
"Athericidae_Perlodidae",0.03276955602537,0.00484652665589661,0
"Athericidae_Philopotamidae",0.278012684989429,0.141357027463651,0.005
"Athericidae_Physidae",0.0105708245243129,0.00484652665589661,0.005
"Athericidae_Polycentropodidae",0.0274841437632135,0.00565428109854604,0.0025
"Athericidae_Polymitarcyidae",0.00739957716701903,0.000807754442649435,0
"Athericidae_Potamanthidae",0.00422832980972516,0.0024232633279483,0
"Athericidae_Psephenidae",0.199788583509514,0.138933764135703,0.0075
"Athericidae_Pteronarcidae",0.0369978858350951,0.00403877221324717,0
"Athericidae_Rhyacophilidae",0.113107822410148,0.0452342487883683,0
"Athericidae_Sialidae",0.0147991543340381,0.0161550888529887,0
"Athericidae_Simuliidae",0.117336152219873,0.0888529886914378,0.0075
"Athericidae_Tabanidae",0.0116279069767442,0.00726978998384491,0
"Athericidae_Turbellaria",0.0369978858350951,0.0420032310177706,0.0025
"Athericidae_Uenoidae",0.00951374207188161,0.0024232633279483,0
"Baetiscidae_Brachycentridae",0.00634249471458774,0.00323101777059774,0
"Baetiscidae_Caenidae",0.00105708245243129,0.000807754442649435,0.0025
"Baetiscidae_Calopterygidae",0,0,0
"Baetiscidae_Capniidae",0,0,0
"Baetiscidae_Chironomus",0,0,0.0025
"Baetiscidae_Chloroperlidae",0.00422832980972516,0,0
"Baetiscidae_Coenagrionidae",0,0,0
"Baetiscidae_Cordulegastridae",0,0,0
"Baetiscidae_Corixidae",0,0,0
"Baetiscidae_Corydalidae",0.00528541226215645,0.00403877221324717,0
"Baetiscidae_Ephemerellidae",0.00845665961945032,0.00161550888529887,0
"Baetiscidae_Ephemeridae",0,0,0
"Baetiscidae_Glossosomatidae",0.00211416490486258,0.000807754442649435,0
"Baetiscidae_Gomphidae",0.00317124735729387,0.00161550888529887,0.0025
"Baetiscidae_Haliplidae",0,0,0
"Baetiscidae_Helicopsychidae",0.00211416490486258,0,0
"Baetiscidae_Heptageniidae",0.00739957716701903,0.00323101777059774,0
"Baetiscidae_Hirudinea",0,0.000807754442649435,0
"Baetiscidae_Hydroptilidae",0.00317124735729387,0,0
"Baetiscidae_Isonychiidae",0.00528541226215645,0.00323101777059774,0
"Baetiscidae_Lepidostomatidae",0.00528541226215645,0,0
"Baetiscidae_Leptohyphidae",0.00105708245243129,0.00161550888529887,0
"Baetiscidae_Leptophlebiidae",0.00211416490486258,0.000807754442649435,0
"Baetiscidae_Leuctridae",0,0,0
"Baetiscidae_Lymnaeidae",0,0,0
"Baetiscidae_Nemouridae",0.00105708245243129,0,0
"Baetiscidae_Odontoceridae",0.00317124735729387,0.000807754442649435,0
"Baetiscidae_Pelecypoda",0.00211416490486258,0,0
"Baetiscidae_Peltoperlidae",0.00317124735729387,0,0
"Baetiscidae_Perlidae",0.00739957716701903,0.00403877221324717,0
"Baetiscidae_Perlodidae",0.00211416490486258,0,0
"Baetiscidae_Philopotamidae",0.00951374207188161,0.00403877221324717,0
"Baetiscidae_Physidae",0,0,0
"Baetiscidae_Polycentropodidae",0.00317124735729387,0,0
"Baetiscidae_Polymitarcyidae",0,0.000807754442649435,0
"Baetiscidae_Potamanthidae",0,0,0
"Baetiscidae_Psephenidae",0.00105708245243129,0.00161550888529887,0
"Baetiscidae_Pteronarcidae",0.00105708245243129,0.000807754442649435,0
"Baetiscidae_Rhyacophilidae",0.00951374207188161,0,0
"Baetiscidae_Sialidae",0,0,0
"Baetiscidae_Simuliidae",0.00739957716701903,0.0024232633279483,0
"Baetiscidae_Tabanidae",0,0,0
"Baetiscidae_Turbellaria",0,0,0
"Baetiscidae_Uenoidae",0,0,0
"Brachycentridae_Caenidae",0.0486257928118393,0.00403877221324717,0
"Brachycentridae_Calopterygidae",0.00211416490486258,0.000807754442649435,0.0025
"Brachycentridae_Capniidae",0.00422832980972516,0,0
"Brachycentridae_Chironomus",0,0,0
"Brachycentridae_Chloroperlidae",0.0306553911205074,0.00323101777059774,0
"Brachycentridae_Coenagrionidae",0.00528541226215645,0.00323101777059774,0
"Brachycentridae_Cordulegastridae",0.00317124735729387,0.00161550888529887,0
"Brachycentridae_Corixidae",0,0,0
"Brachycentridae_Corydalidae",0.0739957716701903,0.018578352180937,0
"Brachycentridae_Ephemerellidae",0.167019027484144,0.0339256865912763,0
"Brachycentridae_Ephemeridae",0.0126849894291755,0.000807754442649435,0
"Brachycentridae_Glossosomatidae",0.047568710359408,0.00888529886914378,0
"Brachycentridae_Gomphidae",0.0792811839323467,0.0105008077544426,0
"Brachycentridae_Haliplidae",0,0,0
"Brachycentridae_Helicopsychidae",0.0179704016913319,0.00323101777059774,0
"Brachycentridae_Heptageniidae",0.173361522198731,0.0298869143780291,0
"Brachycentridae_Hirudinea",0.00317124735729387,0.000807754442649435,0
"Brachycentridae_Hydroptilidae",0.0348837209302326,0.00807754442649435,0
"Brachycentridae_Isonychiidae",0.137420718816068,0.0250403877221325,0
"Brachycentridae_Lepidostomatidae",0.040169133192389,0.00484652665589661,0
"Brachycentridae_Leptohyphidae",0.0454545454545455,0.00807754442649435,0
"Brachycentridae_Leptophlebiidae",0.0676532769556025,0.00726978998384491,0
"Brachycentridae_Leuctridae",0.0422832980972516,0.00888529886914378,0
"Brachycentridae_Lymnaeidae",0.00317124735729387,0,0
"Brachycentridae_Nemouridae",0.00422832980972516,0.00161550888529887,0
"Brachycentridae_Odontoceridae",0.0221987315010571,0.00403877221324717,0
"Brachycentridae_Pelecypoda",0.0274841437632135,0.00726978998384491,0
"Brachycentridae_Peltoperlidae",0.0137420718816068,0.000807754442649435,0
"Brachycentridae_Perlidae",0.174418604651163,0.037156704361874,0
"Brachycentridae_Perlodidae",0.0317124735729387,0.000807754442649435,0
"Brachycentridae_Philopotamidae",0.169133192389006,0.0436187399030695,0
"Brachycentridae_Physidae",0.00528541226215645,0.00484652665589661,0
"Brachycentridae_Polycentropodidae",0.0285412262156448,0.00323101777059774,0
"Brachycentridae_Polymitarcyidae",0.00634249471458774,0.00161550888529887,0
"Brachycentridae_Potamanthidae",0.00739957716701903,0.000807754442649435,0
"Brachycentridae_Psephenidae",0.087737843551797,0.0266558966074313,0.0025
"Brachycentridae_Pteronarcidae",0.0211416490486258,0.00403877221324717,0
"Brachycentridae_Rhyacophilidae",0.0856236786469345,0.0161550888529887,0
"Brachycentridae_Sialidae",0.0126849894291755,0.000807754442649435,0
"Brachycentridae_Simuliidae",0.0845665961945032,0.0266558966074313,0.0025
"Brachycentridae_Tabanidae",0.00317124735729387,0.000807754442649435,0
"Brachycentridae_Turbellaria",0.0295983086680761,0.00726978998384491,0
"Brachycentridae_Uenoidae",0.0116279069767442,0.00161550888529887,0
"Caenidae_Calopterygidae",0.00105708245243129,0.0105008077544426,0
"Caenidae_Capniidae",0.00317124735729387,0,0
"Caenidae_Chironomus",0.00105708245243129,0.00726978998384491,0.015
"Caenidae_Chloroperlidae",0.00951374207188161,0.000807754442649435,0
"Caenidae_Coenagrionidae",0.00845665961945032,0.0161550888529887,0.02
"Caenidae_Cordulegastridae",0.00105708245243129,0.000807754442649435,0
"Caenidae_Corixidae",0,0.00323101777059774,0.0025
"Caenidae_Corydalidae",0.072938689217759,0.0250403877221325,0
"Caenidae_Ephemerellidae",0.127906976744186,0.0298869143780291,0
"Caenidae_Ephemeridae",0.0200845665961945,0.0105008077544426,0
"Caenidae_Glossosomatidae",0.0295983086680761,0.00484652665589661,0
"Caenidae_Gomphidae",0.0676532769556025,0.0266558966074313,0.0025
"Caenidae_Haliplidae",0,0,0.005
"Caenidae_Helicopsychidae",0.03276955602537,0.0113085621970921,0
"Caenidae_Heptageniidae",0.223044397463002,0.0969305331179321,0.01
"Caenidae_Hirudinea",0.00739957716701903,0.00484652665589661,0.02
"Caenidae_Hydroptilidae",0.0443974630021142,0.031502423263328,0.01
"Caenidae_Isonychiidae",0.200845665961945,0.0710823909531502,0
"Caenidae_Lepidostomatidae",0.0137420718816068,0.000807754442649435,0
"Caenidae_Leptohyphidae",0.0517970401691332,0.0266558966074313,0
"Caenidae_Leptophlebiidae",0.0687103594080338,0.0137318255250404,0
"Caenidae_Leuctridae",0.0454545454545455,0.012924071082391,0.0025
"Caenidae_Lymnaeidae",0.00422832980972516,0.00323101777059774,0.0075
"Caenidae_Nemouridae",0,0,0
"Caenidae_Odontoceridae",0.0306553911205074,0.00403877221324717,0
"Caenidae_Pelecypoda",0.0274841437632135,0.0218093699515347,0.01
"Caenidae_Peltoperlidae",0.00317124735729387,0,0
"Caenidae_Perlidae",0.182875264270613,0.055735056542811,0
"Caenidae_Perlodidae",0.00634249471458774,0.00161550888529887,0
"Caenidae_Philopotamidae",0.198731501057082,0.074313408723748,0.0075
"Caenidae_Physidae",0.0137420718816068,0.00969305331179321,0.01
"Caenidae_Polycentropodidae",0.0243128964059197,0.00726978998384491,0.0025
"Caenidae_Polymitarcyidae",0.0137420718816068,0.0024232633279483,0
"Caenidae_Potamanthidae",0.0116279069767442,0.00323101777059774,0
"Caenidae_Psephenidae",0.189217758985201,0.0961227786752827,0.0025
"Caenidae_Pteronarcidae",0.00634249471458774,0,0
"Caenidae_Rhyacophilidae",0.0380549682875264,0.00646203554119548,0
"Caenidae_Sialidae",0.0158562367864693,0.0137318255250404,0.005
"Caenidae_Simuliidae",0.0824524312896406,0.0331179321486268,0.0025
"Caenidae_Tabanidae",0.0116279069767442,0.00646203554119548,0.0025
"Caenidae_Turbellaria",0.0369978858350951,0.0339256865912763,0.02
"Caenidae_Uenoidae",0.00951374207188161,0,0
"Calopterygidae_Capniidae",0,0.000807754442649435,0
"Calopterygidae_Chironomus",0,0.000807754442649435,0
"Calopterygidae_Chloroperlidae",0.00317124735729387,0,0.0025
"Calopterygidae_Coenagrionidae",0.00105708245243129,0.00403877221324717,0.0025
"Calopterygidae_Cordulegastridae",0,0.00161550888529887,0.0025
"Calopterygidae_Corixidae",0,0.00403877221324717,0
"Calopterygidae_Corydalidae",0.00422832980972516,0.0169628432956381,0.0125
"Calopterygidae_Ephemerellidae",0.00211416490486258,0.00323101777059774,0.0025
"Calopterygidae_Ephemeridae",0.00105708245243129,0,0
"Calopterygidae_Glossosomatidae",0.00211416490486258,0.000807754442649435,0
"Calopterygidae_Gomphidae",0,0.00969305331179321,0.0025
"Calopterygidae_Haliplidae",0,0.000807754442649435,0
"Calopterygidae_Helicopsychidae",0.00105708245243129,0.00161550888529887,0
"Calopterygidae_Heptageniidae",0.00528541226215645,0.0177705977382876,0.0025
"Calopterygidae_Hirudinea",0,0.00161550888529887,0.01
"Calopterygidae_Hydroptilidae",0.00317124735729387,0.00403877221324717,0.0025
"Calopterygidae_Isonychiidae",0.00317124735729387,0.00646203554119548,0.0025
"Calopterygidae_Lepidostomatidae",0,0.000807754442649435,0
"Calopterygidae_Leptohyphidae",0.00211416490486258,0.0024232633279483,0
"Calopterygidae_Leptophlebiidae",0.00105708245243129,0.00807754442649435,0.0025
"Calopterygidae_Leuctridae",0.00317124735729387,0.00484652665589661,0
"Calopterygidae_Lymnaeidae",0.00105708245243129,0.00161550888529887,0.0025
"Calopterygidae_Nemouridae",0,0,0
"Calopterygidae_Odontoceridae",0,0.000807754442649435,0
"Calopterygidae_Pelecypoda",0,0.00484652665589661,0.0125
"Calopterygidae_Peltoperlidae",0,0.000807754442649435,0
"Calopterygidae_Perlidae",0.00528541226215645,0.0113085621970921,0.005
"Calopterygidae_Perlodidae",0,0,0
"Calopterygidae_Philopotamidae",0.00951374207188161,0.0201938610662359,0.0125
"Calopterygidae_Physidae",0.00105708245243129,0.00565428109854604,0.0075
"Calopterygidae_Polycentropodidae",0,0.00484652665589661,0.0025
"Calopterygidae_Polymitarcyidae",0,0,0
"Calopterygidae_Potamanthidae",0,0,0
"Calopterygidae_Psephenidae",0.00739957716701903,0.018578352180937,0.0075
"Calopterygidae_Pteronarcidae",0,0,0
"Calopterygidae_Rhyacophilidae",0.00211416490486258,0.00403877221324717,0
"Calopterygidae_Sialidae",0.00211416490486258,0.00403877221324717,0
"Calopterygidae_Simuliidae",0.00634249471458774,0.0121163166397415,0.02
"Calopterygidae_Tabanidae",0.00105708245243129,0.00565428109854604,0.015
"Calopterygidae_Turbellaria",0.00105708245243129,0.00888529886914378,0.02
"Calopterygidae_Uenoidae",0,0,0
"Capniidae_Chironomus",0,0.000807754442649435,0
"Capniidae_Chloroperlidae",0.00211416490486258,0.0024232633279483,0
"Capniidae_Coenagrionidae",0,0,0
"Capniidae_Cordulegastridae",0,0.00161550888529887,0
"Capniidae_Corixidae",0,0,0
"Capniidae_Corydalidae",0.00739957716701903,0.00403877221324717,0
"Capniidae_Ephemerellidae",0.0116279069767442,0.00484652665589661,0
"Capniidae_Ephemeridae",0.00317124735729387,0,0
"Capniidae_Glossosomatidae",0.00739957716701903,0.000807754442649435,0
"Capniidae_Gomphidae",0.00845665961945032,0.0024232633279483,0
"Capniidae_Haliplidae",0,0,0
"Capniidae_Helicopsychidae",0,0,0
"Capniidae_Heptageniidae",0.0179704016913319,0.00646203554119548,0
"Capniidae_Hirudinea",0.00211416490486258,0,0
"Capniidae_Hydroptilidae",0.00211416490486258,0.00161550888529887,0
"Capniidae_Isonychiidae",0.00845665961945032,0.000807754442649435,0
"Capniidae_Lepidostomatidae",0.00317124735729387,0.000807754442649435,0
"Capniidae_Leptohyphidae",0.00317124735729387,0,0
"Capniidae_Leptophlebiidae",0.00951374207188161,0.00161550888529887,0
"Capniidae_Leuctridae",0.00739957716701903,0.00726978998384491,0
"Capniidae_Lymnaeidae",0,0.000807754442649435,0
"Capniidae_Nemouridae",0.00105708245243129,0,0
"Capniidae_Odontoceridae",0.00211416490486258,0.000807754442649435,0
"Capniidae_Pelecypoda",0,0,0
"Capniidae_Peltoperlidae",0.00211416490486258,0.000807754442649435,0
"Capniidae_Perlidae",0.0179704016913319,0.00484652665589661,0
"Capniidae_Perlodidae",0.00528541226215645,0.00161550888529887,0
"Capniidae_Philopotamidae",0.0200845665961945,0.00484652665589661,0
"Capniidae_Physidae",0.00105708245243129,0.000807754442649435,0
"Capniidae_Polycentropodidae",0.00528541226215645,0.00403877221324717,0
"Capniidae_Polymitarcyidae",0,0,0
"Capniidae_Potamanthidae",0,0,0
"Capniidae_Psephenidae",0.0137420718816068,0.00565428109854604,0
"Capniidae_Pteronarcidae",0.00528541226215645,0.000807754442649435,0
"Capniidae_Rhyacophilidae",0.00951374207188161,0.00484652665589661,0
"Capniidae_Sialidae",0,0.000807754442649435,0
"Capniidae_Simuliidae",0.00634249471458774,0.00565428109854604,0
"Capniidae_Tabanidae",0.00105708245243129,0.000807754442649435,0
"Capniidae_Turbellaria",0.00211416490486258,0.00161550888529887,0
"Capniidae_Uenoidae",0.00105708245243129,0,0
"Chironomus_Chloroperlidae",0,0.00323101777059774,0
"Chironomus_Coenagrionidae",0,0.00403877221324717,0.0175
"Chironomus_Cordulegastridae",0,0,0.0075
"Chironomus_Corixidae",0,0.000807754442649435,0.0075
"Chironomus_Corydalidae",0.00105708245243129,0.00403877221324717,0.0025
"Chironomus_Ephemerellidae",0,0.00323101777059774,0
"Chironomus_Ephemeridae",0,0.00161550888529887,0
"Chironomus_Glossosomatidae",0.00105708245243129,0,0
"Chironomus_Gomphidae",0,0.0024232633279483,0.005
"Chironomus_Haliplidae",0,0,0.0075
"Chironomus_Helicopsychidae",0,0,0
"Chironomus_Heptageniidae",0.00211416490486258,0.0113085621970921,0.0075
"Chironomus_Hirudinea",0,0.0024232633279483,0.035
"Chironomus_Hydroptilidae",0,0.00484652665589661,0.0125
"Chironomus_Isonychiidae",0.00211416490486258,0.00161550888529887,0
"Chironomus_Lepidostomatidae",0,0.000807754442649435,0
"Chironomus_Leptohyphidae",0.00211416490486258,0.0024232633279483,0
"Chironomus_Leptophlebiidae",0.00105708245243129,0.00323101777059774,0.0025
"Chironomus_Leuctridae",0.00105708245243129,0.00161550888529887,0
"Chironomus_Lymnaeidae",0,0.0024232633279483,0.01
"Chironomus_Nemouridae",0,0,0
"Chironomus_Odontoceridae",0,0,0
"Chironomus_Pelecypoda",0,0.00726978998384491,0.0325
"Chironomus_Peltoperlidae",0,0,0
"Chironomus_Perlidae",0,0.00403877221324717,0
"Chironomus_Perlodidae",0,0.00161550888529887,0
"Chironomus_Philopotamidae",0.00211416490486258,0.0113085621970921,0.005
"Chironomus_Physidae",0,0.00403877221324717,0.0425
"Chironomus_Polycentropodidae",0,0.0024232633279483,0.0025
"Chironomus_Polymitarcyidae",0,0,0
"Chironomus_Potamanthidae",0,0.000807754442649435,0
"Chironomus_Psephenidae",0.00105708245243129,0.012924071082391,0.0075
"Chironomus_Pteronarcidae",0,0,0
"Chironomus_Rhyacophilidae",0,0.00565428109854604,0.0025
"Chironomus_Sialidae",0,0.00403877221324717,0.0075
"Chironomus_Simuliidae",0.00211416490486258,0.00807754442649435,0.0275
"Chironomus_Tabanidae",0,0.00484652665589661,0.0175
"Chironomus_Turbellaria",0,0.00807754442649435,0.03
"Chironomus_Uenoidae",0,0.000807754442649435,0
"Chloroperlidae_Coenagrionidae",0,0,0
"Chloroperlidae_Cordulegastridae",0.00317124735729387,0.00726978998384491,0
"Chloroperlidae_Corixidae",0,0,0
"Chloroperlidae_Corydalidae",0.0391120507399577,0.00969305331179321,0
"Chloroperlidae_Ephemerellidae",0.0909090909090909,0.0250403877221325,0
"Chloroperlidae_Ephemeridae",0.00105708245243129,0,0
"Chloroperlidae_Glossosomatidae",0.0274841437632135,0.00403877221324717,0
"Chloroperlidae_Gomphidae",0.0412262156448203,0.0145395799676898,0.0025
"Chloroperlidae_Haliplidae",0,0,0
"Chloroperlidae_Helicopsychidae",0.00317124735729387,0,0
"Chloroperlidae_Heptageniidae",0.115221987315011,0.031502423263328,0
"Chloroperlidae_Hirudinea",0.00211416490486258,0.000807754442649435,0
"Chloroperlidae_Hydroptilidae",0.0285412262156448,0.00161550888529887,0
"Chloroperlidae_Isonychiidae",0.0348837209302326,0.00323101777059774,0.0025
"Chloroperlidae_Lepidostomatidae",0.0454545454545455,0.00888529886914378,0
"Chloroperlidae_Leptohyphidae",0.00634249471458774,0.000807754442649435,0
"Chloroperlidae_Leptophlebiidae",0.0708245243128964,0.0113085621970921,0
"Chloroperlidae_Leuctridae",0.0898520084566596,0.0323101777059774,0
"Chloroperlidae_Lymnaeidae",0.00317124735729387,0.00161550888529887,0
"Chloroperlidae_Nemouridae",0.0179704016913319,0.00646203554119548,0
"Chloroperlidae_Odontoceridae",0.0190274841437632,0.00484652665589661,0
"Chloroperlidae_Pelecypoda",0.00845665961945032,0.00484652665589661,0
"Chloroperlidae_Peltoperlidae",0.0285412262156448,0.00969305331179321,0
"Chloroperlidae_Perlidae",0.087737843551797,0.0226171243941842,0
"Chloroperlidae_Perlodidae",0.0591966173361522,0.0169628432956381,0
"Chloroperlidae_Philopotamidae",0.118393234672304,0.0420032310177706,0.0025
"Chloroperlidae_Physidae",0.00528541226215645,0.00323101777059774,0.0025
"Chloroperlidae_Polycentropodidae",0.0317124735729387,0.00969305331179321,0
"Chloroperlidae_Polymitarcyidae",0,0,0
"Chloroperlidae_Potamanthidae",0,0,0
"Chloroperlidae_Psephenidae",0.0528541226215645,0.0169628432956381,0
"Chloroperlidae_Pteronarcidae",0.0454545454545455,0.00484652665589661,0
"Chloroperlidae_Rhyacophilidae",0.0887949260042283,0.0258481421647819,0
"Chloroperlidae_Sialidae",0.00634249471458774,0.00323101777059774,0
"Chloroperlidae_Simuliidae",0.0697674418604651,0.031502423263328,0
"Chloroperlidae_Tabanidae",0.00422832980972516,0.0105008077544426,0
"Chloroperlidae_Turbellaria",0.0137420718816068,0.00484652665589661,0.0025
"Chloroperlidae_Uenoidae",0.0147991543340381,0.00403877221324717,0
"Coenagrionidae_Cordulegastridae",0,0,0.005
"Coenagrionidae_Corixidae",0,0.00323101777059774,0.0125
"Coenagrionidae_Corydalidae",0.0105708245243129,0.0113085621970921,0.005
"Coenagrionidae_Ephemerellidae",0.0169133192389006,0.00565428109854604,0
"Coenagrionidae_Ephemeridae",0.00211416490486258,0.0024232633279483,0
"Coenagrionidae_Glossosomatidae",0,0,0
"Coenagrionidae_Gomphidae",0.00422832980972516,0.00565428109854604,0
"Coenagrionidae_Haliplidae",0,0.00161550888529887,0.015
"Coenagrionidae_Helicopsychidae",0.00317124735729387,0.0024232633279483,0
"Coenagrionidae_Heptageniidae",0.0232558139534884,0.0234248788368336,0.015
"Coenagrionidae_Hirudinea",0.00105708245243129,0.0024232633279483,0.0425
"Coenagrionidae_Hydroptilidae",0.00422832980972516,0.00888529886914378,0.015
"Coenagrionidae_Isonychiidae",0.0200845665961945,0.0145395799676898,0
"Coenagrionidae_Lepidostomatidae",0.00317124735729387,0.000807754442649435,0
"Coenagrionidae_Leptohyphidae",0.00739957716701903,0.00726978998384491,0
"Coenagrionidae_Leptophlebiidae",0.00211416490486258,0.00484652665589661,0
"Coenagrionidae_Leuctridae",0,0.00161550888529887,0.0025
"Coenagrionidae_Lymnaeidae",0,0.00323101777059774,0.0125
"Coenagrionidae_Nemouridae",0,0,0
"Coenagrionidae_Odontoceridae",0.00211416490486258,0.000807754442649435,0
"Coenagrionidae_Pelecypoda",0.00211416490486258,0.0105008077544426,0.0325
"Coenagrionidae_Peltoperlidae",0,0,0
"Coenagrionidae_Perlidae",0.0158562367864693,0.00888529886914378,0.0025
"Coenagrionidae_Perlodidae",0,0,0
"Coenagrionidae_Philopotamidae",0.0200845665961945,0.0274636510500808,0.0175
"Coenagrionidae_Physidae",0.00422832980972516,0.00807754442649435,0.0375
"Coenagrionidae_Polycentropodidae",0.00528541226215645,0.00323101777059774,0
"Coenagrionidae_Polymitarcyidae",0.00105708245243129,0.000807754442649435,0
"Coenagrionidae_Potamanthidae",0.00211416490486258,0.00161550888529887,0
"Coenagrionidae_Psephenidae",0.0169133192389006,0.0282714054927302,0.01
"Coenagrionidae_Pteronarcidae",0,0,0
"Coenagrionidae_Rhyacophilidae",0.00211416490486258,0.00161550888529887,0
"Coenagrionidae_Sialidae",0.00634249471458774,0.00726978998384491,0.0025
"Coenagrionidae_Simuliidae",0.0105708245243129,0.0105008077544426,0.0225
"Coenagrionidae_Tabanidae",0.00105708245243129,0.0024232633279483,0.0075
"Coenagrionidae_Turbellaria",0.0105708245243129,0.0121163166397415,0.065
"Coenagrionidae_Uenoidae",0.00211416490486258,0.000807754442649435,0
"Cordulegastridae_Corixidae",0,0,0
"Cordulegastridae_Corydalidae",0.00317124735729387,0.00484652665589661,0.005
"Cordulegastridae_Ephemerellidae",0.00739957716701903,0.00646203554119548,0.0025
"Cordulegastridae_Ephemeridae",0.00105708245243129,0,0
"Cordulegastridae_Glossosomatidae",0.00317124735729387,0.00161550888529887,0
"Cordulegastridae_Gomphidae",0.00422832980972516,0.00646203554119548,0.0025
"Cordulegastridae_Haliplidae",0,0,0.0025
"Cordulegastridae_Helicopsychidae",0.00105708245243129,0,0
"Cordulegastridae_Heptageniidae",0.00634249471458774,0.00565428109854604,0.0025
"Cordulegastridae_Hirudinea",0,0,0.0025
"Cordulegastridae_Hydroptilidae",0.00105708245243129,0.000807754442649435,0
"Cordulegastridae_Isonychiidae",0.00317124735729387,0.00161550888529887,0.0025
"Cordulegastridae_Lepidostomatidae",0.00422832980972516,0.0024232633279483,0
"Cordulegastridae_Leptohyphidae",0,0.000807754442649435,0.0025
"Cordulegastridae_Leptophlebiidae",0.00211416490486258,0.00161550888529887,0.0025
"Cordulegastridae_Leuctridae",0.00634249471458774,0.00888529886914378,0.005
"Cordulegastridae_Lymnaeidae",0.00105708245243129,0,0
"Cordulegastridae_Nemouridae",0.00105708245243129,0.000807754442649435,0
"Cordulegastridae_Odontoceridae",0.00105708245243129,0.000807754442649435,0
"Cordulegastridae_Pelecypoda",0.00211416490486258,0,0.005
"Cordulegastridae_Peltoperlidae",0.00105708245243129,0.00161550888529887,0
"Cordulegastridae_Perlidae",0.00739957716701903,0.00565428109854604,0
"Cordulegastridae_Perlodidae",0.00422832980972516,0.0024232633279483,0
"Cordulegastridae_Philopotamidae",0.00845665961945032,0.00565428109854604,0.0025
"Cordulegastridae_Physidae",0,0.000807754442649435,0.0025
"Cordulegastridae_Polycentropodidae",0.00105708245243129,0.00161550888529887,0.0025
"Cordulegastridae_Polymitarcyidae",0,0,0
"Cordulegastridae_Potamanthidae",0,0,0
"Cordulegastridae_Psephenidae",0.00528541226215645,0.00323101777059774,0.0025
"Cordulegastridae_Pteronarcidae",0.00528541226215645,0.000807754442649435,0
"Cordulegastridae_Rhyacophilidae",0.00951374207188161,0.00646203554119548,0.0025
"Cordulegastridae_Sialidae",0,0,0
"Cordulegastridae_Simuliidae",0.00528541226215645,0.00565428109854604,0.0025
"Cordulegastridae_Tabanidae",0.00211416490486258,0.00403877221324717,0.005
"Cordulegastridae_Turbellaria",0.00105708245243129,0,0.0025
"Cordulegastridae_Uenoidae",0.00105708245243129,0,0
"Corixidae_Corydalidae",0,0.000807754442649435,0
"Corixidae_Ephemerellidae",0,0.000807754442649435,0
"Corixidae_Ephemeridae",0,0,0
"Corixidae_Glossosomatidae",0,0,0
"Corixidae_Gomphidae",0,0.00161550888529887,0
"Corixidae_Haliplidae",0,0.000807754442649435,0.005
"Corixidae_Helicopsychidae",0,0,0
"Corixidae_Heptageniidae",0,0.00323101777059774,0.0025
"Corixidae_Hirudinea",0,0.000807754442649435,0.0125
"Corixidae_Hydroptilidae",0,0.000807754442649435,0.005
"Corixidae_Isonychiidae",0,0,0
"Corixidae_Lepidostomatidae",0,0,0
"Corixidae_Leptohyphidae",0,0.00161550888529887,0.0025
"Corixidae_Leptophlebiidae",0,0.000807754442649435,0
"Corixidae_Leuctridae",0,0,0
"Corixidae_Lymnaeidae",0,0.000807754442649435,0.0025
"Corixidae_Nemouridae",0,0,0
"Corixidae_Odontoceridae",0,0.000807754442649435,0
"Corixidae_Pelecypoda",0,0,0.0075
"Corixidae_Peltoperlidae",0,0,0
"Corixidae_Perlidae",0,0.000807754442649435,0
"Corixidae_Perlodidae",0,0,0
"Corixidae_Philopotamidae",0,0.0024232633279483,0
"Corixidae_Physidae",0,0.000807754442649435,0.0125
"Corixidae_Polycentropodidae",0,0.000807754442649435,0
"Corixidae_Polymitarcyidae",0,0,0
"Corixidae_Potamanthidae",0,0,0
"Corixidae_Psephenidae",0,0.00161550888529887,0
"Corixidae_Pteronarcidae",0,0,0
"Corixidae_Rhyacophilidae",0,0,0
"Corixidae_Sialidae",0,0.000807754442649435,0.0025
"Corixidae_Simuliidae",0,0.00161550888529887,0.0075
"Corixidae_Tabanidae",0,0.00161550888529887,0.0075
"Corixidae_Turbellaria",0,0,0.01
"Corixidae_Uenoidae",0,0,0
"Corydalidae_Ephemerellidae",0.180761099365751,0.0460420032310178,0.0075
"Corydalidae_Ephemeridae",0.0190274841437632,0.00565428109854604,0
"Corydalidae_Glossosomatidae",0.0909090909090909,0.0169628432956381,0.0025
"Corydalidae_Gomphidae",0.10676532769556,0.0363489499192246,0.005
"Corydalidae_Haliplidae",0,0,0
"Corydalidae_Helicopsychidae",0.03276955602537,0.0105008077544426,0
"Corydalidae_Heptageniidae",0.266384778012685,0.119547657512116,0.01
"Corydalidae_Hirudinea",0.00528541226215645,0.00565428109854604,0.005
"Corydalidae_Hydroptilidae",0.0528541226215645,0.031502423263328,0.0075
"Corydalidae_Isonychiidae",0.206131078224101,0.0856219709208401,0.0025
"Corydalidae_Lepidostomatidae",0.0243128964059197,0.00969305331179321,0
"Corydalidae_Leptohyphidae",0.0433403805496829,0.0169628432956381,0
"Corydalidae_Leptophlebiidae",0.0961945031712474,0.018578352180937,0.0025
"Corydalidae_Leuctridae",0.0792811839323467,0.0339256865912763,0.005
"Corydalidae_Lymnaeidae",0.00422832980972516,0.00403877221324717,0
"Corydalidae_Nemouridae",0.00317124735729387,0.000807754442649435,0
"Corydalidae_Odontoceridae",0.0359408033826638,0.00807754442649435,0
"Corydalidae_Pelecypoda",0.0348837209302326,0.0282714054927302,0.0075
"Corydalidae_Peltoperlidae",0.0158562367864693,0.00969305331179321,0
"Corydalidae_Perlidae",0.283298097251586,0.126009693053312,0.005
"Corydalidae_Perlodidae",0.0211416490486258,0.00323101777059774,0
"Corydalidae_Philopotamidae",0.284355179704017,0.168012924071082,0.0225
"Corydalidae_Physidae",0.00634249471458774,0.0121163166397415,0.01
"Corydalidae_Polycentropodidae",0.0433403805496829,0.0137318255250404,0.0025
"Corydalidae_Polymitarcyidae",0.00845665961945032,0.000807754442649435,0
"Corydalidae_Potamanthidae",0.00317124735729387,0.00161550888529887,0
"Corydalidae_Psephenidae",0.208245243128964,0.130856219709208,0.02
"Corydalidae_Pteronarcidae",0.0359408033826638,0.00807754442649435,0
"Corydalidae_Rhyacophilidae",0.114164904862579,0.0379644588045234,0.005
"Corydalidae_Sialidae",0.0169133192389006,0.0153473344103393,0.005
"Corydalidae_Simuliidae",0.105708245243129,0.10016155088853,0.03
"Corydalidae_Tabanidae",0.0116279069767442,0.00726978998384491,0.0075
"Corydalidae_Turbellaria",0.03276955602537,0.0387722132471729,0.015
"Corydalidae_Uenoidae",0.0105708245243129,0.00323101777059774,0.0025
"Ephemerellidae_Ephemeridae",0.0221987315010571,0.00323101777059774,0
"Ephemerellidae_Glossosomatidae",0.127906976744186,0.0137318255250404,0.0025
"Ephemerellidae_Gomphidae",0.149048625792812,0.0266558966074313,0
"Ephemerellidae_Haliplidae",0.00105708245243129,0,0
"Ephemerellidae_Helicopsychidae",0.0359408033826638,0.0105008077544426,0
"Ephemerellidae_Heptageniidae",0.450317124735729,0.105008077544426,0.0025
"Ephemerellidae_Hirudinea",0.0105708245243129,0.0024232633279483,0
"Ephemerellidae_Hydroptilidae",0.0813953488372093,0.0201938610662359,0.0025
"Ephemerellidae_Isonychiidae",0.331923890063425,0.0646203554119548,0.0025
"Ephemerellidae_Lepidostomatidae",0.0856236786469345,0.0161550888529887,0
"Ephemerellidae_Leptohyphidae",0.080338266384778,0.0169628432956381,0
"Ephemerellidae_Leptophlebiidae",0.197674418604651,0.0274636510500808,0.0025
"Ephemerellidae_Leuctridae",0.157505285412262,0.0387722132471729,0.0025
"Ephemerellidae_Lymnaeidae",0.00422832980972516,0.00403877221324717,0.0025
"Ephemerellidae_Nemouridae",0.0190274841437632,0.00565428109854604,0
"Ephemerellidae_Odontoceridae",0.0644820295983087,0.00888529886914378,0
"Ephemerellidae_Pelecypoda",0.0602536997885835,0.0218093699515347,0
"Ephemerellidae_Peltoperlidae",0.0391120507399577,0.00484652665589661,0
"Ephemerellidae_Perlidae",0.43446088794926,0.0904684975767367,0.0025
"Ephemerellidae_Perlodidae",0.087737843551797,0.00888529886914378,0
"Ephemerellidae_Philopotamidae",0.445031712473573,0.120355411954766,0.005
"Ephemerellidae_Physidae",0.0190274841437632,0.0105008077544426,0.0025
"Ephemerellidae_Polycentropodidae",0.0676532769556025,0.0226171243941842,0
"Ephemerellidae_Polymitarcyidae",0.0147991543340381,0.000807754442649435,0
"Ephemerellidae_Potamanthidae",0.0105708245243129,0.0024232633279483,0
"Ephemerellidae_Psephenidae",0.295983086680761,0.0840064620355412,0.0025
"Ephemerellidae_Pteronarcidae",0.0835095137420719,0.00807754442649435,0
"Ephemerellidae_Rhyacophilidae",0.214587737843552,0.04281098546042,0.0025
"Ephemerellidae_Sialidae",0.0221987315010571,0.00888529886914378,0
"Ephemerellidae_Simuliidae",0.206131078224101,0.0775444264943457,0.005
"Ephemerellidae_Tabanidae",0.0126849894291755,0.00888529886914378,0.005
"Ephemerellidae_Turbellaria",0.0750528541226216,0.0355411954765751,0.005
"Ephemerellidae_Uenoidae",0.0243128964059197,0.00646203554119548,0.0025
"Ephemeridae_Glossosomatidae",0.00422832980972516,0.000807754442649435,0
"Ephemeridae_Gomphidae",0.0232558139534884,0.00484652665589661,0
"Ephemeridae_Haliplidae",0,0,0
"Ephemeridae_Helicopsychidae",0.00317124735729387,0.0024232633279483,0
"Ephemeridae_Heptageniidae",0.0369978858350951,0.012924071082391,0
"Ephemeridae_Hirudinea",0.00105708245243129,0.000807754442649435,0
"Ephemeridae_Hydroptilidae",0.00211416490486258,0.00565428109854604,0
"Ephemeridae_Isonychiidae",0.0274841437632135,0.00888529886914378,0
"Ephemeridae_Lepidostomatidae",0.00105708245243129,0.000807754442649435,0
"Ephemeridae_Leptohyphidae",0.0105708245243129,0.00323101777059774,0
"Ephemeridae_Leptophlebiidae",0.0147991543340381,0.000807754442649435,0
"Ephemeridae_Leuctridae",0.0105708245243129,0.00323101777059774,0
"Ephemeridae_Lymnaeidae",0.00105708245243129,0,0
"Ephemeridae_Nemouridae",0.00105708245243129,0,0
"Ephemeridae_Odontoceridae",0.00317124735729387,0,0
"Ephemeridae_Pelecypoda",0.00634249471458774,0.00161550888529887,0
"Ephemeridae_Peltoperlidae",0.00211416490486258,0.000807754442649435,0
"Ephemeridae_Perlidae",0.0338266384778013,0.00323101777059774,0
"Ephemeridae_Perlodidae",0.00317124735729387,0.000807754442649435,0
"Ephemeridae_Philopotamidae",0.0295983086680761,0.0145395799676898,0
"Ephemeridae_Physidae",0.00105708245243129,0.0024232633279483,0
"Ephemeridae_Polycentropodidae",0.00634249471458774,0.00161550888529887,0
"Ephemeridae_Polymitarcyidae",0,0,0
"Ephemeridae_Potamanthidae",0.00422832980972516,0.000807754442649435,0
"Ephemeridae_Psephenidae",0.0359408033826638,0.0145395799676898,0
"Ephemeridae_Pteronarcidae",0.00317124735729387,0.000807754442649435,0
"Ephemeridae_Rhyacophilidae",0.00845665961945032,0.0024232633279483,0
"Ephemeridae_Sialidae",0.00845665961945032,0.0024232633279483,0
"Ephemeridae_Simuliidae",0.0147991543340381,0.00323101777059774,0
"Ephemeridae_Tabanidae",0.00211416490486258,0.00323101777059774,0
"Ephemeridae_Turbellaria",0.00105708245243129,0.00484652665589661,0
"Ephemeridae_Uenoidae",0.00105708245243129,0,0
"Glossosomatidae_Gomphidae",0.0570824524312896,0.0113085621970921,0
"Glossosomatidae_Haliplidae",0,0,0
"Glossosomatidae_Helicopsychidae",0.00845665961945032,0.000807754442649435,0
"Glossosomatidae_Heptageniidae",0.158562367864693,0.0266558966074313,0.0025
"Glossosomatidae_Hirudinea",0.00422832980972516,0.00161550888529887,0
"Glossosomatidae_Hydroptilidae",0.0200845665961945,0.00888529886914378,0
"Glossosomatidae_Isonychiidae",0.108879492600423,0.0161550888529887,0
"Glossosomatidae_Lepidostomatidae",0.0274841437632135,0.00484652665589661,0
"Glossosomatidae_Leptohyphidae",0.0200845665961945,0.00161550888529887,0
"Glossosomatidae_Leptophlebiidae",0.0708245243128964,0.00484652665589661,0
"Glossosomatidae_Leuctridae",0.0697674418604651,0.0153473344103393,0
"Glossosomatidae_Lymnaeidae",0.00105708245243129,0.00161550888529887,0.0025
"Glossosomatidae_Nemouridae",0.00317124735729387,0.000807754442649435,0
"Glossosomatidae_Odontoceridae",0.0274841437632135,0.00323101777059774,0
"Glossosomatidae_Pelecypoda",0.0105708245243129,0.00323101777059774,0
"Glossosomatidae_Peltoperlidae",0.00951374207188161,0.00323101777059774,0
"Glossosomatidae_Perlidae",0.170190274841438,0.0323101777059774,0.0025
"Glossosomatidae_Perlodidae",0.0243128964059197,0.0024232633279483,0
"Glossosomatidae_Philopotamidae",0.167019027484144,0.04281098546042,0.005
"Glossosomatidae_Physidae",0.00211416490486258,0.00161550888529887,0
"Glossosomatidae_Polycentropodidae",0.0243128964059197,0.0024232633279483,0
"Glossosomatidae_Polymitarcyidae",0,0,0
"Glossosomatidae_Potamanthidae",0.00105708245243129,0,0
"Glossosomatidae_Psephenidae",0.115221987315011,0.0331179321486268,0.0025
"Glossosomatidae_Pteronarcidae",0.0306553911205074,0.00403877221324717,0
"Glossosomatidae_Rhyacophilidae",0.0856236786469345,0.0193861066235864,0
"Glossosomatidae_Sialidae",0.00528541226215645,0.00161550888529887,0
"Glossosomatidae_Simuliidae",0.0613107822410148,0.0210016155088853,0.0025
"Glossosomatidae_Tabanidae",0.00422832980972516,0.0024232633279483,0.0025
"Glossosomatidae_Turbellaria",0.0158562367864693,0.00726978998384491,0
"Glossosomatidae_Uenoidae",0.00528541226215645,0.000807754442649435,0
"Gomphidae_Haliplidae",0,0,0
"Gomphidae_Helicopsychidae",0.025369978858351,0.0024232633279483,0
"Gomphidae_Heptageniidae",0.213530655391121,0.0565428109854604,0.0025
"Gomphidae_Hirudinea",0.00528541226215645,0.000807754442649435,0
"Gomphidae_Hydroptilidae",0.0295983086680761,0.0113085621970921,0
"Gomphidae_Isonychiidae",0.154334038054968,0.0387722132471729,0.0025
"Gomphidae_Lepidostomatidae",0.0380549682875264,0.00565428109854604,0
"Gomphidae_Leptohyphidae",0.0517970401691332,0.0161550888529887,0.0025
"Gomphidae_Leptophlebiidae",0.0813953488372093,0.0153473344103393,0
"Gomphidae_Leuctridae",0.0792811839323467,0.024232633279483,0.0025
"Gomphidae_Lymnaeidae",0.00422832980972516,0.00403877221324717,0
"Gomphidae_Nemouridae",0.00845665961945032,0.00323101777059774,0
"Gomphidae_Odontoceridae",0.0433403805496829,0.00646203554119548,0
"Gomphidae_Pelecypoda",0.0285412262156448,0.012924071082391,0
"Gomphidae_Peltoperlidae",0.0179704016913319,0.00726978998384491,0
"Gomphidae_Perlidae",0.199788583509514,0.0500807754442649,0
"Gomphidae_Perlodidae",0.0295983086680761,0.00484652665589661,0
"Gomphidae_Philopotamidae",0.202959830866808,0.0678513731825525,0.0025
"Gomphidae_Physidae",0.00845665961945032,0.00807754442649435,0.0025
"Gomphidae_Polycentropodidae",0.0391120507399577,0.00888529886914378,0
"Gomphidae_Polymitarcyidae",0.00211416490486258,0.000807754442649435,0
"Gomphidae_Potamanthidae",0.00422832980972516,0,0
"Gomphidae_Psephenidae",0.151162790697674,0.0646203554119548,0.0025
"Gomphidae_Pteronarcidae",0.0443974630021142,0.00646203554119548,0
"Gomphidae_Rhyacophilidae",0.0951374207188161,0.0193861066235864,0
"Gomphidae_Sialidae",0.0116279069767442,0.00888529886914378,0.0025
"Gomphidae_Simuliidae",0.0761099365750529,0.0363489499192246,0.0025
"Gomphidae_Tabanidae",0.0126849894291755,0.0137318255250404,0.0075
"Gomphidae_Turbellaria",0.0243128964059197,0.0145395799676898,0.005
"Gomphidae_Uenoidae",0.0137420718816068,0.0024232633279483,0
"Haliplidae_Helicopsychidae",0,0,0
"Haliplidae_Heptageniidae",0,0.000807754442649435,0.005
"Haliplidae_Hirudinea",0,0.000807754442649435,0.01
"Haliplidae_Hydroptilidae",0,0.00161550888529887,0
"Haliplidae_Isonychiidae",0.00105708245243129,0,0
"Haliplidae_Lepidostomatidae",0,0,0
"Haliplidae_Leptohyphidae",0,0,0.0025
"Haliplidae_Leptophlebiidae",0.00105708245243129,0,0
"Haliplidae_Leuctridae",0.00105708245243129,0,0
"Haliplidae_Lymnaeidae",0.00105708245243129,0.00161550888529887,0.0025
"Haliplidae_Nemouridae",0,0,0
"Haliplidae_Odontoceridae",0,0,0
"Haliplidae_Pelecypoda",0,0.000807754442649435,0.01
"Haliplidae_Peltoperlidae",0,0,0
"Haliplidae_Perlidae",0.00105708245243129,0,0
"Haliplidae_Perlodidae",0,0,0
"Haliplidae_Philopotamidae",0.00105708245243129,0,0
"Haliplidae_Physidae",0.00105708245243129,0.000807754442649435,0.01
"Haliplidae_Polycentropodidae",0.00105708245243129,0.000807754442649435,0.0025
"Haliplidae_Polymitarcyidae",0,0,0
"Haliplidae_Potamanthidae",0,0,0
"Haliplidae_Psephenidae",0.00105708245243129,0.000807754442649435,0
"Haliplidae_Pteronarcidae",0,0,0
"Haliplidae_Rhyacophilidae",0,0,0
"Haliplidae_Sialidae",0,0,0
"Haliplidae_Simuliidae",0,0.000807754442649435,0.005
"Haliplidae_Tabanidae",0,0.000807754442649435,0.005
"Haliplidae_Turbellaria",0.00105708245243129,0.000807754442649435,0.01
"Haliplidae_Uenoidae",0,0,0
"Helicopsychidae_Heptageniidae",0.0623678646934461,0.0250403877221325,0.0025
"Helicopsychidae_Hirudinea",0,0.00161550888529887,0
"Helicopsychidae_Hydroptilidae",0.0137420718816068,0.0145395799676898,0
"Helicopsychidae_Isonychiidae",0.0539112050739958,0.018578352180937,0
"Helicopsychidae_Lepidostomatidae",0.0116279069767442,0,0.0025
"Helicopsychidae_Leptohyphidae",0.0169133192389006,0.00807754442649435,0
"Helicopsychidae_Leptophlebiidae",0.00739957716701903,0.000807754442649435,0
"Helicopsychidae_Leuctridae",0.00317124735729387,0.000807754442649435,0
"Helicopsychidae_Lymnaeidae",0.00211416490486258,0.000807754442649435,0
"Helicopsychidae_Nemouridae",0,0,0
"Helicopsychidae_Odontoceridae",0.00951374207188161,0.00484652665589661,0
"Helicopsychidae_Pelecypoda",0.00739957716701903,0.00403877221324717,0.0025
"Helicopsychidae_Peltoperlidae",0.00105708245243129,0,0
"Helicopsychidae_Perlidae",0.0570824524312896,0.0177705977382876,0
"Helicopsychidae_Perlodidae",0.00105708245243129,0.000807754442649435,0
"Helicopsychidae_Philopotamidae",0.0697674418604651,0.0306946688206785,0.0025
"Helicopsychidae_Physidae",0.00634249471458774,0.0024232633279483,0.005
"Helicopsychidae_Polycentropodidae",0.00845665961945032,0.0024232633279483,0
"Helicopsychidae_Polymitarcyidae",0.00317124735729387,0,0
"Helicopsychidae_Potamanthidae",0.00211416490486258,0,0
"Helicopsychidae_Psephenidae",0.0613107822410148,0.0347334410339257,0.005
"Helicopsychidae_Pteronarcidae",0.00317124735729387,0.000807754442649435,0
"Helicopsychidae_Rhyacophilidae",0.0200845665961945,0.00726978998384491,0.0025
"Helicopsychidae_Sialidae",0.00422832980972516,0.000807754442649435,0
"Helicopsychidae_Simuliidae",0.0190274841437632,0.0121163166397415,0.005
"Helicopsychidae_Tabanidae",0.00634249471458774,0.00323101777059774,0
"Helicopsychidae_Turbellaria",0.0158562367864693,0.018578352180937,0.0025
"Helicopsychidae_Uenoidae",0.00317124735729387,0,0
"Heptageniidae_Hirudinea",0.0137420718816068,0.0161550888529887,0.0225
"Heptageniidae_Hydroptilidae",0.109936575052854,0.0670436187399031,0.005
"Heptageniidae_Isonychiidae",0.473572938689218,0.17205169628433,0.0025
"Heptageniidae_Lepidostomatidae",0.087737843551797,0.0153473344103393,0.0025
"Heptageniidae_Leptohyphidae",0.12262156448203,0.0444264943457189,0.0075
"Heptageniidae_Leptophlebiidae",0.252642706131078,0.0654281098546042,0
"Heptageniidae_Leuctridae",0.217758985200846,0.0605815831987076,0.005
"Heptageniidae_Lymnaeidae",0.00528541226215645,0.0105008077544426,0.005
"Heptageniidae_Nemouridae",0.0232558139534884,0.00646203554119548,0.0025
"Heptageniidae_Odontoceridae",0.0835095137420719,0.012924071082391,0
"Heptageniidae_Pelecypoda",0.0718816067653277,0.0589660743134087,0.015
"Heptageniidae_Peltoperlidae",0.0433403805496829,0.012924071082391,0
"Heptageniidae_Perlidae",0.615221987315011,0.206785137318255,0.0025
"Heptageniidae_Perlodidae",0.0866807610993657,0.0169628432956381,0
"Heptageniidae_Philopotamidae",0.6553911205074,0.303715670436187,0.0275
"Heptageniidae_Physidae",0.0285412262156448,0.0323101777059774,0.0125
"Heptageniidae_Polycentropodidae",0.087737843551797,0.0323101777059774,0.0025
"Heptageniidae_Polymitarcyidae",0.0200845665961945,0.00323101777059774,0
"Heptageniidae_Potamanthidae",0.0137420718816068,0.00807754442649435,0
"Heptageniidae_Psephenidae",0.45877378435518,0.25767366720517,0.0425
"Heptageniidae_Pteronarcidae",0.0972515856236787,0.0137318255250404,0
"Heptageniidae_Rhyacophilidae",0.239957716701903,0.0678513731825525,0
"Heptageniidae_Sialidae",0.03276955602537,0.0363489499192246,0.01
"Heptageniidae_Simuliidae",0.281183932346723,0.191437802907916,0.0475
"Heptageniidae_Tabanidae",0.0264270613107822,0.018578352180937,0.0125
"Heptageniidae_Turbellaria",0.0972515856236787,0.103392568659128,0.0275
"Heptageniidae_Uenoidae",0.0306553911205074,0.00646203554119548,0
"Hirudinea_Hydroptilidae",0.00105708245243129,0.00969305331179321,0.0225
"Hirudinea_Isonychiidae",0.0105708245243129,0.00484652665589661,0
"Hirudinea_Lepidostomatidae",0.00105708245243129,0,0
"Hirudinea_Leptohyphidae",0,0.0024232633279483,0.0025
"Hirudinea_Leptophlebiidae",0.00528541226215645,0.00323101777059774,0.0025
"Hirudinea_Leuctridae",0.00211416490486258,0.00161550888529887,0.0075
"Hirudinea_Lymnaeidae",0.00105708245243129,0.0024232633279483,0.015
"Hirudinea_Nemouridae",0.00105708245243129,0,0
"Hirudinea_Odontoceridae",0,0.000807754442649435,0
"Hirudinea_Pelecypoda",0.00317124735729387,0.00323101777059774,0.0725
"Hirudinea_Peltoperlidae",0,0,0
"Hirudinea_Perlidae",0.0105708245243129,0.00484652665589661,0
"Hirudinea_Perlodidae",0.00105708245243129,0.000807754442649435,0
"Hirudinea_Philopotamidae",0.00951374207188161,0.018578352180937,0.025
"Hirudinea_Physidae",0.00105708245243129,0.00646203554119548,0.0625
"Hirudinea_Polycentropodidae",0,0.00323101777059774,0.005
"Hirudinea_Polymitarcyidae",0,0.000807754442649435,0
"Hirudinea_Potamanthidae",0,0.000807754442649435,0
"Hirudinea_Psephenidae",0.00739957716701903,0.0193861066235864,0.0225
"Hirudinea_Pteronarcidae",0,0,0
"Hirudinea_Rhyacophilidae",0.00317124735729387,0.00323101777059774,0
"Hirudinea_Sialidae",0,0.0024232633279483,0.0075
"Hirudinea_Simuliidae",0.00634249471458774,0.0218093699515347,0.075
"Hirudinea_Tabanidae",0.00105708245243129,0.000807754442649435,0.015
"Hirudinea_Turbellaria",0.00105708245243129,0.0145395799676898,0.11
"Hirudinea_Uenoidae",0.00105708245243129,0.000807754442649435,0
"Hydroptilidae_Isonychiidae",0.0813953488372093,0.0411954765751212,0
"Hydroptilidae_Lepidostomatidae",0.025369978858351,0.0024232633279483,0
"Hydroptilidae_Leptohyphidae",0.0380549682875264,0.024232633279483,0.0025
"Hydroptilidae_Leptophlebiidae",0.0295983086680761,0.00888529886914378,0.0025
"Hydroptilidae_Leuctridae",0.0338266384778013,0.012924071082391,0.0025
"Hydroptilidae_Lymnaeidae",0.00105708245243129,0.00646203554119548,0.0075
"Hydroptilidae_Nemouridae",0.00317124735729387,0.000807754442649435,0
"Hydroptilidae_Odontoceridae",0.00317124735729387,0.00161550888529887,0
"Hydroptilidae_Pelecypoda",0.0116279069767442,0.0210016155088853,0.015
"Hydroptilidae_Peltoperlidae",0.0116279069767442,0.000807754442649435,0
"Hydroptilidae_Perlidae",0.101479915433404,0.0403877221324717,0.0025
"Hydroptilidae_Perlodidae",0.0179704016913319,0.00323101777059774,0
"Hydroptilidae_Philopotamidae",0.118393234672304,0.0807754442649435,0.01
"Hydroptilidae_Physidae",0.00951374207188161,0.0210016155088853,0.015
"Hydroptilidae_Polycentropodidae",0.0232558139534884,0.00969305331179321,0.0075
"Hydroptilidae_Polymitarcyidae",0.00739957716701903,0.000807754442649435,0
"Hydroptilidae_Potamanthidae",0.00317124735729387,0.00161550888529887,0
"Hydroptilidae_Psephenidae",0.0835095137420719,0.0807754442649435,0.0075
"Hydroptilidae_Pteronarcidae",0.00739957716701903,0.0024232633279483,0
"Hydroptilidae_Rhyacophilidae",0.0486257928118393,0.012924071082391,0
"Hydroptilidae_Sialidae",0.00951374207188161,0.00565428109854604,0.0025
"Hydroptilidae_Simuliidae",0.03276955602537,0.0856219709208401,0.035
"Hydroptilidae_Tabanidae",0.00634249471458774,0.00646203554119548,0.0025
"Hydroptilidae_Turbellaria",0.03276955602537,0.0500807754442649,0.0425
"Hydroptilidae_Uenoidae",0.00845665961945032,0.0024232633279483,0
"Isonychiidae_Lepidostomatidae",0.0507399577167019,0.00565428109854604,0
"Isonychiidae_Leptohyphidae",0.0940803382663848,0.0226171243941842,0.005
"Isonychiidae_Leptophlebiidae",0.150105708245243,0.0201938610662359,0
"Isonychiidae_Leuctridae",0.0940803382663848,0.024232633279483,0
"Isonychiidae_Lymnaeidae",0.00422832980972516,0.00403877221324717,0
"Isonychiidae_Nemouridae",0,0.000807754442649435,0
"Isonychiidae_Odontoceridae",0.0634249471458774,0.00888529886914378,0
"Isonychiidae_Pelecypoda",0.0560253699788584,0.024232633279483,0.005
"Isonychiidae_Peltoperlidae",0.0105708245243129,0.00403877221324717,0
"Isonychiidae_Perlidae",0.452431289640592,0.145395799676898,0.0075
"Isonychiidae_Perlodidae",0.0317124735729387,0.00323101777059774,0
"Isonychiidae_Philopotamidae",0.470401691331924,0.19951534733441,0.01
"Isonychiidae_Physidae",0.0221987315010571,0.0137318255250404,0
"Isonychiidae_Polycentropodidae",0.0528541226215645,0.0161550888529887,0.0025
"Isonychiidae_Polymitarcyidae",0.0190274841437632,0.00403877221324717,0
"Isonychiidae_Potamanthidae",0.0116279069767442,0.00323101777059774,0
"Isonychiidae_Psephenidae",0.356236786469345,0.170436187399031,0.005
"Isonychiidae_Pteronarcidae",0.0348837209302326,0.00323101777059774,0
"Isonychiidae_Rhyacophilidae",0.13953488372093,0.0355411954765751,0
"Isonychiidae_Sialidae",0.0211416490486258,0.0177705977382876,0
"Isonychiidae_Simuliidae",0.170190274841438,0.101777059773829,0.005
"Isonychiidae_Tabanidae",0.0211416490486258,0.00565428109854604,0
"Isonychiidae_Turbellaria",0.0930232558139535,0.0500807754442649,0.0025
"Isonychiidae_Uenoidae",0.0137420718816068,0.00161550888529887,0
"Lepidostomatidae_Leptohyphidae",0.0179704016913319,0,0
"Lepidostomatidae_Leptophlebiidae",0.0528541226215645,0.00646203554119548,0
"Lepidostomatidae_Leuctridae",0.0496828752642706,0.0161550888529887,0.0025
"Lepidostomatidae_Lymnaeidae",0.00211416490486258,0.000807754442649435,0
"Lepidostomatidae_Nemouridae",0.00845665961945032,0.00646203554119548,0
"Lepidostomatidae_Odontoceridae",0.0221987315010571,0.0024232633279483,0
"Lepidostomatidae_Pelecypoda",0.0190274841437632,0.00484652665589661,0
"Lepidostomatidae_Peltoperlidae",0.0169133192389006,0.00323101777059774,0
"Lepidostomatidae_Perlidae",0.0940803382663848,0.012924071082391,0
"Lepidostomatidae_Perlodidae",0.0274841437632135,0.00403877221324717,0
"Lepidostomatidae_Philopotamidae",0.100422832980973,0.024232633279483,0
"Lepidostomatidae_Physidae",0.00211416490486258,0.00403877221324717,0
"Lepidostomatidae_Polycentropodidae",0.0211416490486258,0.00403877221324717,0
"Lepidostomatidae_Polymitarcyidae",0.00211416490486258,0,0
"Lepidostomatidae_Potamanthidae",0.00422832980972516,0.000807754442649435,0
"Lepidostomatidae_Psephenidae",0.0454545454545455,0.0137318255250404,0.0025
"Lepidostomatidae_Pteronarcidae",0.0243128964059197,0.0024232633279483,0
"Lepidostomatidae_Rhyacophilidae",0.0549682875264271,0.0177705977382876,0.0025
"Lepidostomatidae_Sialidae",0.00211416490486258,0.00161550888529887,0
"Lepidostomatidae_Simuliidae",0.040169133192389,0.0137318255250404,0.0025
"Lepidostomatidae_Tabanidae",0.00422832980972516,0.00403877221324717,0
"Lepidostomatidae_Turbellaria",0.0158562367864693,0.00807754442649435,0
"Lepidostomatidae_Uenoidae",0.00528541226215645,0.00161550888529887,0
"Leptohyphidae_Leptophlebiidae",0.0338266384778013,0.012924071082391,0.0025
"Leptohyphidae_Leuctridae",0.0264270613107822,0.0145395799676898,0.0025
"Leptohyphidae_Lymnaeidae",0.00105708245243129,0.00403877221324717,0
"Leptohyphidae_Nemouridae",0,0.0024232633279483,0
"Leptohyphidae_Odontoceridae",0.00951374207188161,0.00646203554119548,0
"Leptohyphidae_Pelecypoda",0.0200845665961945,0.0177705977382876,0.0075
"Leptohyphidae_Peltoperlidae",0,0,0
"Leptohyphidae_Perlidae",0.104651162790698,0.0339256865912763,0.0075
"Leptohyphidae_Perlodidae",0.00317124735729387,0,0
"Leptohyphidae_Philopotamidae",0.0993657505285412,0.0411954765751212,0.005
"Leptohyphidae_Physidae",0.0116279069767442,0.00888529886914378,0.005
"Leptohyphidae_Polycentropodidae",0.0179704016913319,0.00807754442649435,0.005
"Leptohyphidae_Polymitarcyidae",0.00528541226215645,0,0
"Leptohyphidae_Potamanthidae",0.00422832980972516,0.00403877221324717,0
"Leptohyphidae_Psephenidae",0.0845665961945032,0.0476575121163166,0.01
"Leptohyphidae_Pteronarcidae",0.00528541226215645,0.000807754442649435,0
"Leptohyphidae_Rhyacophilidae",0.0285412262156448,0.00726978998384491,0
"Leptohyphidae_Sialidae",0.00845665961945032,0.00646203554119548,0.0025
"Leptohyphidae_Simuliidae",0.0486257928118393,0.031502423263328,0.01
"Leptohyphidae_Tabanidae",0.00528541226215645,0.00726978998384491,0.005
"Leptohyphidae_Turbellaria",0.0211416490486258,0.0169628432956381,0.005
"Leptohyphidae_Uenoidae",0.00528541226215645,0.0024232633279483,0
"Leptophlebiidae_Leuctridae",0.135306553911205,0.0298869143780291,0.0075
"Leptophlebiidae_Lymnaeidae",0.00634249471458774,0.00484652665589661,0.0025
"Leptophlebiidae_Nemouridae",0.0169133192389006,0.00403877221324717,0
"Leptophlebiidae_Odontoceridae",0.0338266384778013,0.00565428109854604,0
"Leptophlebiidae_Pelecypoda",0.0169133192389006,0.0113085621970921,0.005
"Leptophlebiidae_Peltoperlidae",0.0169133192389006,0.00161550888529887,0
"Leptophlebiidae_Perlidae",0.241014799154334,0.0484652665589661,0.0075
"Leptophlebiidae_Perlodidae",0.0528541226215645,0.00484652665589661,0
"Leptophlebiidae_Philopotamidae",0.241014799154334,0.0662358642972536,0.0025
"Leptophlebiidae_Physidae",0.00845665961945032,0.00807754442649435,0.01
"Leptophlebiidae_Polycentropodidae",0.0507399577167019,0.012924071082391,0.0025
"Leptophlebiidae_Polymitarcyidae",0.00422832980972516,0,0
"Leptophlebiidae_Potamanthidae",0,0.00323101777059774,0
"Leptophlebiidae_Psephenidae",0.164904862579281,0.0508885298869144,0.0025
"Leptophlebiidae_Pteronarcidae",0.0517970401691332,0.00565428109854604,0
"Leptophlebiidae_Rhyacophilidae",0.0993657505285412,0.0169628432956381,0.0025
"Leptophlebiidae_Sialidae",0.0137420718816068,0.0153473344103393,0
"Leptophlebiidae_Simuliidae",0.135306553911205,0.037156704361874,0.01
"Leptophlebiidae_Tabanidae",0.0116279069767442,0.00565428109854604,0.0075
"Leptophlebiidae_Turbellaria",0.0306553911205074,0.0177705977382876,0.0025
"Leptophlebiidae_Uenoidae",0.0169133192389006,0.000807754442649435,0
"Leuctridae_Lymnaeidae",0.00422832980972516,0.00403877221324717,0
"Leuctridae_Nemouridae",0.0243128964059197,0.0145395799676898,0.0025
"Leuctridae_Odontoceridae",0.0317124735729387,0.00726978998384491,0
"Leuctridae_Pelecypoda",0.00951374207188161,0.00888529886914378,0.0025
"Leuctridae_Peltoperlidae",0.0380549682875264,0.0113085621970921,0
"Leuctridae_Perlidae",0.204016913319239,0.0718901453957997,0.0025
"Leuctridae_Perlodidae",0.0687103594080338,0.0145395799676898,0
"Leuctridae_Philopotamidae",0.219873150105708,0.0969305331179321,0.0025
"Leuctridae_Physidae",0.00528541226215645,0.00969305331179321,0.01
"Leuctridae_Polycentropodidae",0.0369978858350951,0.0234248788368336,0.005
"Leuctridae_Polymitarcyidae",0.00211416490486258,0.000807754442649435,0
"Leuctridae_Potamanthidae",0.00211416490486258,0,0
"Leuctridae_Psephenidae",0.125792811839323,0.0565428109854604,0
"Leuctridae_Pteronarcidae",0.0676532769556025,0.0113085621970921,0
"Leuctridae_Rhyacophilidae",0.118393234672304,0.0605815831987076,0.005
"Leuctridae_Sialidae",0.0158562367864693,0.0137318255250404,0.0025
"Leuctridae_Simuliidae",0.113107822410148,0.0815831987075929,0.0125
"Leuctridae_Tabanidae",0.00951374207188161,0.0161550888529887,0
"Leuctridae_Turbellaria",0.0137420718816068,0.0161550888529887,0.01
"Leuctridae_Uenoidae",0.0147991543340381,0.00323101777059774,0
"Lymnaeidae_Nemouridae",0.00105708245243129,0,0
"Lymnaeidae_Odontoceridae",0,0.000807754442649435,0
"Lymnaeidae_Pelecypoda",0,0.00403877221324717,0.025
"Lymnaeidae_Peltoperlidae",0,0,0
"Lymnaeidae_Perlidae",0.0105708245243129,0.00484652665589661,0
"Lymnaeidae_Perlodidae",0.00105708245243129,0.000807754442649435,0
"Lymnaeidae_Philopotamidae",0.00951374207188161,0.0121163166397415,0.0075
"Lymnaeidae_Physidae",0.00317124735729387,0.0121163166397415,0.02
"Lymnaeidae_Polycentropodidae",0.00317124735729387,0.000807754442649435,0
"Lymnaeidae_Polymitarcyidae",0,0,0
"Lymnaeidae_Potamanthidae",0,0.000807754442649435,0
"Lymnaeidae_Psephenidae",0.00739957716701903,0.0113085621970921,0.0075
"Lymnaeidae_Pteronarcidae",0,0,0.0025
"Lymnaeidae_Rhyacophilidae",0.00211416490486258,0.000807754442649435,0
"Lymnaeidae_Sialidae",0,0.000807754442649435,0.0025
"Lymnaeidae_Simuliidae",0.00845665961945032,0.00888529886914378,0.0125
"Lymnaeidae_Tabanidae",0,0.0024232633279483,0.005
"Lymnaeidae_Turbellaria",0.00317124735729387,0.00565428109854604,0.01
"Lymnaeidae_Uenoidae",0.00105708245243129,0,0
"Nemouridae_Odontoceridae",0.00105708245243129,0.000807754442649435,0
"Nemouridae_Pelecypoda",0.00105708245243129,0.0024232633279483,0
"Nemouridae_Peltoperlidae",0.00422832980972516,0.000807754442649435,0
"Nemouridae_Perlidae",0.00845665961945032,0.00403877221324717,0
"Nemouridae_Perlodidae",0.0169133192389006,0.00323101777059774,0
"Nemouridae_Philopotamidae",0.0232558139534884,0.00969305331179321,0
"Nemouridae_Physidae",0,0,0
"Nemouridae_Polycentropodidae",0.00422832980972516,0.00565428109854604,0
"Nemouridae_Polymitarcyidae",0,0,0
"Nemouridae_Potamanthidae",0,0,0
"Nemouridae_Psephenidae",0.00317124735729387,0.0024232633279483,0
"Nemouridae_Pteronarcidae",0.00951374207188161,0.00323101777059774,0
"Nemouridae_Rhyacophilidae",0.0200845665961945,0.0137318255250404,0
"Nemouridae_Sialidae",0.00105708245243129,0.0024232633279483,0
"Nemouridae_Simuliidae",0.0211416490486258,0.0145395799676898,0.0025
"Nemouridae_Tabanidae",0.00105708245243129,0.00403877221324717,0
"Nemouridae_Turbellaria",0,0.00323101777059774,0
"Nemouridae_Uenoidae",0.00317124735729387,0,0
"Odontoceridae_Pelecypoda",0.00528541226215645,0.0024232633279483,0
"Odontoceridae_Peltoperlidae",0.00739957716701903,0,0
"Odontoceridae_Perlidae",0.0887949260042283,0.0153473344103393,0
"Odontoceridae_Perlodidae",0.00739957716701903,0.0024232633279483,0
"Odontoceridae_Philopotamidae",0.0813953488372093,0.0121163166397415,0
"Odontoceridae_Physidae",0.00317124735729387,0.00323101777059774,0
"Odontoceridae_Polycentropodidae",0.0137420718816068,0.00403877221324717,0
"Odontoceridae_Polymitarcyidae",0.00105708245243129,0,0
"Odontoceridae_Potamanthidae",0,0,0
"Odontoceridae_Psephenidae",0.06553911205074,0.018578352180937,0
"Odontoceridae_Pteronarcidae",0.00951374207188161,0.00403877221324717,0
"Odontoceridae_Rhyacophilidae",0.0306553911205074,0.00726978998384491,0
"Odontoceridae_Sialidae",0.00105708245243129,0.00403877221324717,0
"Odontoceridae_Simuliidae",0.0264270613107822,0.00807754442649435,0
"Odontoceridae_Tabanidae",0.00211416490486258,0.00807754442649435,0
"Odontoceridae_Turbellaria",0.0169133192389006,0.00403877221324717,0
"Odontoceridae_Uenoidae",0.00634249471458774,0.000807754442649435,0
"Pbap",0.36609907120743,0.479102167182663,0.154798761609907
"Pelecypoda_Peltoperlidae",0.00422832980972516,0.00323101777059774,0
"Pelecypoda_Perlidae",0.0718816067653277,0.0274636510500808,0.0125
"Pelecypoda_Perlodidae",0.00634249471458774,0.000807754442649435,0
"Pelecypoda_Philopotamidae",0.0708245243128964,0.0597738287560582,0.0325
"Pelecypoda_Physidae",0.00211416490486258,0.012924071082391,0.0525
"Pelecypoda_Polycentropodidae",0.00845665961945032,0.00726978998384491,0.0125
"Pelecypoda_Polymitarcyidae",0.00422832980972516,0,0
"Pelecypoda_Potamanthidae",0.00211416490486258,0.00323101777059774,0
"Pelecypoda_Psephenidae",0.0528541226215645,0.0646203554119548,0.04
"Pelecypoda_Pteronarcidae",0.00317124735729387,0.00161550888529887,0
"Pelecypoda_Rhyacophilidae",0.0190274841437632,0.00888529886914378,0
"Pelecypoda_Sialidae",0.00951374207188161,0.0105008077544426,0.0025
"Pelecypoda_Simuliidae",0.040169133192389,0.0468497576736672,0.0925
"Pelecypoda_Tabanidae",0.00105708245243129,0.00484652665589661,0.02
"Pelecypoda_Turbellaria",0.0147991543340381,0.0347334410339257,0.0825
"Pelecypoda_Uenoidae",0.00105708245243129,0.00403877221324717,0
"Peltoperlidae_Perlidae",0.0380549682875264,0.0145395799676898,0
"Peltoperlidae_Perlodidae",0.0232558139534884,0.00403877221324717,0
"Peltoperlidae_Philopotamidae",0.0517970401691332,0.0210016155088853,0
"Peltoperlidae_Physidae",0.00105708245243129,0.0024232633279483,0
"Peltoperlidae_Polycentropodidae",0.0116279069767442,0.00323101777059774,0
"Peltoperlidae_Polymitarcyidae",0,0,0
"Peltoperlidae_Potamanthidae",0,0,0
"Peltoperlidae_Psephenidae",0.0179704016913319,0.0105008077544426,0
"Peltoperlidae_Pteronarcidae",0.0221987315010571,0.00323101777059774,0
"Peltoperlidae_Rhyacophilidae",0.0348837209302326,0.012924071082391,0
"Peltoperlidae_Sialidae",0.00317124735729387,0.000807754442649435,0
"Peltoperlidae_Simuliidae",0.0264270613107822,0.0113085621970921,0
"Peltoperlidae_Tabanidae",0.00317124735729387,0,0
"Peltoperlidae_Turbellaria",0.00105708245243129,0.0024232633279483,0
"Peltoperlidae_Uenoidae",0.00317124735729387,0,0
"Perlidae_Perlodidae",0.0644820295983087,0.00807754442649435,0
"Perlidae_Philopotamidae",0.60676532769556,0.264135702746365,0.005
"Perlidae_Physidae",0.0221987315010571,0.0193861066235864,0.005
"Perlidae_Polycentropodidae",0.0824524312896406,0.024232633279483,0
"Perlidae_Polymitarcyidae",0.0179704016913319,0.0024232633279483,0
"Perlidae_Potamanthidae",0.0105708245243129,0.00323101777059774,0
"Perlidae_Psephenidae",0.455602536997886,0.210016155088853,0.0175
"Perlidae_Pteronarcidae",0.0835095137420719,0.0169628432956381,0
"Perlidae_Rhyacophilidae",0.234672304439746,0.0831987075928918,0.0025
"Perlidae_Sialidae",0.0264270613107822,0.0201938610662359,0.0025
"Perlidae_Simuliidae",0.254756871035941,0.149434571890145,0.02
"Perlidae_Tabanidae",0.0243128964059197,0.0153473344103393,0.01
"Perlidae_Turbellaria",0.0940803382663848,0.0573505654281099,0.0025
"Perlidae_Uenoidae",0.0200845665961945,0.00403877221324717,0.0025
"Perlodidae_Philopotamidae",0.0951374207188161,0.0201938610662359,0
"Perlodidae_Physidae",0.00105708245243129,0,0
"Perlodidae_Polycentropodidae",0.0147991543340381,0.00565428109854604,0
"Perlodidae_Polymitarcyidae",0.00211416490486258,0,0
"Perlodidae_Potamanthidae",0,0,0
"Perlodidae_Psephenidae",0.03276955602537,0.00646203554119548,0
"Perlodidae_Pteronarcidae",0.0422832980972516,0.00323101777059774,0
"Perlodidae_Rhyacophilidae",0.0792811839323467,0.0169628432956381,0
"Perlodidae_Sialidae",0.00422832980972516,0,0
"Perlodidae_Simuliidae",0.0443974630021142,0.0153473344103393,0
"Perlodidae_Tabanidae",0.00105708245243129,0.00323101777059774,0
"Perlodidae_Turbellaria",0.00528541226215645,0.00323101777059774,0
"Perlodidae_Uenoidae",0.0105708245243129,0.0024232633279483,0
"Philopotamidae_Physidae",0.0295983086680761,0.0379644588045234,0.0175
"Philopotamidae_Polycentropodidae",0.0909090909090909,0.0347334410339257,0.0075
"Philopotamidae_Polymitarcyidae",0.0169133192389006,0.00403877221324717,0
"Philopotamidae_Potamanthidae",0.0105708245243129,0.00565428109854604,0
"Philopotamidae_Psephenidae",0.451374207188161,0.323101777059774,0.07
"Philopotamidae_Pteronarcidae",0.10676532769556,0.0169628432956381,0.0025
"Philopotamidae_Rhyacophilidae",0.26215644820296,0.111470113085622,0.0075
"Philopotamidae_Sialidae",0.0306553911205074,0.031502423263328,0.0075
"Philopotamidae_Simuliidae",0.292811839323467,0.265751211631664,0.09
"Philopotamidae_Tabanidae",0.025369978858351,0.0210016155088853,0.01
"Philopotamidae_Turbellaria",0.108879492600423,0.144588045234249,0.0975
"Philopotamidae_Uenoidae",0.025369978858351,0.00807754442649435,0
"Physidae_Polycentropodidae",0.00422832980972516,0.00888529886914378,0
"Physidae_Polymitarcyidae",0,0,0
"Physidae_Potamanthidae",0,0.000807754442649435,0
"Physidae_Psephenidae",0.0211416490486258,0.0347334410339257,0.0225
"Physidae_Pteronarcidae",0.00211416490486258,0.00161550888529887,0.0025
"Physidae_Rhyacophilidae",0.00845665961945032,0.00484652665589661,0.0025
"Physidae_Sialidae",0.00211416490486258,0.00403877221324717,0.0125
"Physidae_Simuliidae",0.00951374207188161,0.0331179321486268,0.07
"Physidae_Tabanidae",0.00105708245243129,0.00565428109854604,0.0225
"Physidae_Turbellaria",0.00845665961945032,0.018578352180937,0.065
"Physidae_Uenoidae",0,0,0
"Polycentropodidae_Polymitarcyidae",0.00105708245243129,0,0
"Polycentropodidae_Potamanthidae",0.00105708245243129,0,0
"Polycentropodidae_Psephenidae",0.0528541226215645,0.0306946688206785,0.005
"Polycentropodidae_Pteronarcidae",0.0158562367864693,0.000807754442649435,0
"Polycentropodidae_Rhyacophilidae",0.0422832980972516,0.0169628432956381,0.0025
"Polycentropodidae_Sialidae",0.00528541226215645,0.00807754442649435,0.005
"Polycentropodidae_Simuliidae",0.0465116279069767,0.0258481421647819,0.01
"Polycentropodidae_Tabanidae",0.00422832980972516,0.00484652665589661,0
"Polycentropodidae_Turbellaria",0.0158562367864693,0.0121163166397415,0.01
"Polycentropodidae_Uenoidae",0.00528541226215645,0.0024232633279483,0
"Polymitarcyidae_Potamanthidae",0.00211416490486258,0,0
"Polymitarcyidae_Psephenidae",0.0190274841437632,0.00161550888529887,0
"Polymitarcyidae_Pteronarcidae",0,0,0
"Polymitarcyidae_Rhyacophilidae",0.00634249471458774,0,0
"Polymitarcyidae_Sialidae",0.00105708245243129,0.000807754442649435,0
"Polymitarcyidae_Simuliidae",0.00739957716701903,0.0024232633279483,0
"Polymitarcyidae_Tabanidae",0,0,0
"Polymitarcyidae_Turbellaria",0.00317124735729387,0.000807754442649435,0
"Polymitarcyidae_Uenoidae",0.00105708245243129,0,0
"Potamanthidae_Psephenidae",0.00951374207188161,0.00726978998384491,0
"Potamanthidae_Pteronarcidae",0,0,0
"Potamanthidae_Rhyacophilidae",0.00105708245243129,0.00161550888529887,0
"Potamanthidae_Sialidae",0.00317124735729387,0.00161550888529887,0
"Potamanthidae_Simuliidae",0.00317124735729387,0.00161550888529887,0
"Potamanthidae_Tabanidae",0,0,0
"Potamanthidae_Turbellaria",0.00211416490486258,0.00161550888529887,0
"Potamanthidae_Uenoidae",0,0,0
"Psephenidae_Pteronarcidae",0.0433403805496829,0.00888529886914378,0.0025
"Psephenidae_Rhyacophilidae",0.144820295983087,0.0621970920840065,0.0025
"Psephenidae_Sialidae",0.0295983086680761,0.031502423263328,0.015
"Psephenidae_Simuliidae",0.176532769556025,0.172859450726979,0.09
"Psephenidae_Tabanidae",0.025369978858351,0.0193861066235864,0.0075
"Psephenidae_Turbellaria",0.0909090909090909,0.127625201938611,0.085
"Psephenidae_Uenoidae",0.0169133192389006,0.00646203554119548,0
"Pteronarcidae_Rhyacophilidae",0.0739957716701903,0.00969305331179321,0
"Pteronarcidae_Sialidae",0.00422832980972516,0.000807754442649435,0.0025
"Pteronarcidae_Simuliidae",0.0517970401691332,0.012924071082391,0
"Pteronarcidae_Tabanidae",0.00105708245243129,0,0
"Pteronarcidae_Turbellaria",0.00739957716701903,0.00161550888529887,0
"Pteronarcidae_Uenoidae",0.00951374207188161,0.000807754442649435,0
"Rhyacophilidae_Sialidae",0.00739957716701903,0.0113085621970921,0
"Rhyacophilidae_Simuliidae",0.125792811839323,0.079967689822294,0.005
"Rhyacophilidae_Tabanidae",0.00422832980972516,0.0105008077544426,0.0025
"Rhyacophilidae_Turbellaria",0.0243128964059197,0.024232633279483,0
"Rhyacophilidae_Uenoidae",0.0179704016913319,0.0024232633279483,0.0025
"Sialidae_Simuliidae",0.0105708245243129,0.0161550888529887,0.005
"Sialidae_Tabanidae",0.00317124735729387,0.00565428109854604,0.01
"Sialidae_Turbellaria",0.00528541226215645,0.0137318255250404,0.005
"Sialidae_Uenoidae",0.00211416490486258,0.000807754442649435,0
"Simuliidae_Tabanidae",0.0126849894291755,0.0161550888529887,0.0125
"Simuliidae_Turbellaria",0.0496828752642706,0.098546042003231,0.16
"Simuliidae_Uenoidae",0.0137420718816068,0.00484652665589661,0.0025
"Tabanidae_Turbellaria",0.00317124735729387,0.00726978998384491,0.0225
"Tabanidae_Uenoidae",0.00105708245243129,0,0.005
"Turbellaria_Uenoidae",0.00317124735729387,0.000807754442649435,0
