"sample_id","bap","probability"
2,5.4,0.472224675237345
3,8.07,0.00486632424478462
4,5.73,0.0152173210427354
7,6.96,0.0580415951243432
10,4.51,0.406385179188425
13,8.29,0.0842563632603237
19,8.08,0.0778078701829176
23,7.89,0.13653995644469
24,7.06,0.232027182925406
25,3.4,0
27,6.8,0.05851354365335
28,7.55,0.0921048966321071
30,6.69,0.233007973114709
32,4.39,0.42305410130044
33,3.05,0.590179183492713
34,5.81,0.302473206032738
36,6.88,0.247143562834436
38,5.47,0.382097575592167
39,4.03,0.453425345651276
42,5.91,0.219464115224213
44,6.43,0.62326338425434
47,3.95,0.406625401876873
48,7.98,0.063935758622177
49,7.64,0.0794849294120295
53,5.75,0.289684605103858
62,8.48,0
64,7.93,0.206801623145141
70,7.38,0.362728102307135
73,6.74,0.174660445867579
78,7.3,0.285759141474554
80,5.11,0.462689392855732
81,9.12,0.0821646054595555
82,8.22,0.0639992195944457
89,7.25,0.179858153123433
90,4.56,0.505076142131979
106,8.02,0.283427227917858
109,7.14,0.100785266245944
121,7.91,0.0201463562636746
122,7.45,0.1533635795829
125,4.72,0.407002351369982
126,3.85,0.422846853971564
127,6.25,0.336841725574911
128,5.82,0.394677981025403
134,5.62,0.431438944358299
135,5.94,0.357677946370131
136,6.54,0.53091172963638
138,6.9,0.0596787053442288
139,6.85,0.184708408032968
141,7.6,0.143905471873432
250,4.19,0.33832420139125
252,7.12,0.291873573429215
253,5.93,0.16783128222394
260,6.45,0.549562239238029
261,6.77,0.16544915856512
262,7.28,0.18160749768955
266,7.24,0.27206508560513
270,6.65,0.264672996833292
273,6.75,0.275295123398886
274,8.17,0.0306255887468604
277,5.77,0.364158419048955
280,8.33,0.0266620352864774
282,5.1,0.434130651773487
287,7.78,0.0974362526040432
293,7.41,0.113975619543985
314,7.7,0.0212381580461556
319,6.8,0.159577137488508
323,7.49,0.0113067745702172
335,5.3,0.0523613336325944
338,6.46,0.0521700275753604
341,7.79,0.09182611200174
346,7.03,0.368225976526093
351,3.33,0.336395516202904
353,5.97,0.46974815410904
355,6.34,0.369678305567708
359,8.14,0.143479506100822
362,5.87,0.406385179188425
363,7.68,0.253106363723155
365,9.31,0.00362834759088428
366,6.62,0.36851846055647
368,8.68,0.0178117793305239
369,7.56,0.137696303885232
378,6.46,0.491602254874855
379,3.39,0.519315623714567
380,3.7,0.643894857369885
383,6.99,0.264496496912176
384,7.28,0.363947807454535
385,6.33,0.288825498697474
387,7.26,0.249597507942675
388,6.98,0.0225706515554354
391,5.18,0.342638998267025
393,7.1,0.277901798563497
397,8.47,0.00661794603614779
402,6.01,0.657917499603623
404,7.09,0.0394538812397211
407,3.71,0.314802431991191
411,4.94,0.49635974615768
412,7.93,0.0811654621972724
416,8.66,0.0322191738721981
419,6.44,0.276504570409149
422,6.34,0.430145518657932
425,5.32,0.537016143625109
427,8.01,0.00655822308217152
428,8.09,0.0858787466321684
429,6.52,0.480783910384561
434,8.32,0.142449052192202
438,4.45,0.441016658732715
441,7.72,0.270870787469678
442,8.74,0.00483193814010932
444,2.93,0
445,4.24,0.432042708283518
446,8.05,0.0148364704342349
447,2.95,0.536189579050103
448,5.31,0.520325203252032
452,7.21,0.00699401639173795
455,7.82,0.2704635565067
458,7.82,0.0665441721329996
459,6.04,0.250335682337718
460,8.6,0.137482443413921
470,7.89,0.481387043155267
474,7.93,0.0884996721230339
475,8.35,0.0395617473529954
477,8.1,0.0137910223065285
483,8.35,0.0134773689743303
489,5.44,0.298223247338611
490,8.98,0.0137277452455857
493,7.7,0.195064355767163
496,6,0.0532045424328193
500,9.27,0.0699544677359643
504,7.42,0.252296666410526
550,7.25,0.356145745716583
551,6.92,0.406540493074993
552,6.52,0.565639897333376
553,8.54,0.0129905168635807
555,7.87,0.00936912174377581
558,6.41,0.205216079359945
560,6.94,0.323920211235118
561,4.19,0.468856216002516
562,8.73,0.15496081065072
563,7.73,0.344219192374332
568,6.05,0.505534554442859
576,5.09,0.466898954703833
584,8.34,0.0804856136155344
586,8.3,0.0322774789800805
595,6.21,0.407579387493836
597,5.54,0.61330334683531
598,6.88,0.248077684157952
600,6.71,0.124954274752496
603,7.84,0.0719061849325363
608,4.49,0.590064904612345
609,7.31,0.0458446089996813
610,5.89,0.237267101281777
611,5.98,0.436863092100369
612,5.2,0.376073470653983
616,5.07,0.436040425742078
617,5.98,0.366246495988603
618,7.7,0.0694036174008241
620,7.32,0.0558779693651287
626,5.48,0.486341427111546
628,4.19,0.452668238750318
629,5.53,0.311688129583695
631,6.04,0.559677571996309
634,6,0.227077312918847
638,6.92,0.412520214698377
639,3.38,0.347035595564597
647,5.15,0.466941644057453
651,6.44,0.504937854165694
653,6.71,0.573170312728197
654,5.42,0.491602254874855
657,6.33,0.26179588635044
666,4.63,0.532655466835907
667,5.87,0.507860222915867
669,8.82,0.517843195182103
671,5.52,0.395681575200604
679,8.82,0.0753098160497151
681,5.32,0.419200065475534
683,5.23,0.520206593489064
692,0.98,0.220386201867118
693,8.17,0.111352107894717
694,6.43,0.0608423502083804
704,6.15,0.623177026359641
707,5.87,0.600874421397282
714,6.72,0.471804732186812
715,6.46,0.342286083184242
716,5.46,0.386846627358464
717,8.24,0.0937036197561061
719,5.1,0.511836164609301
723,4.5,0.497915155402499
724,4.81,0.477858193707236
741,8.19,0.163680478934258
743,6.74,0.130878075679256
801,4.3,0.299635101761203
811,6.99,0.196095326789099
812,2.55,0.549926831330205
813,7.93,0.0859281026959641
815,7.62,0.0573259519684796
817,7.08,0.146825159520364
818,8.32,0.00413081676696334
819,3.99,0.144729188888416
822,5.6,0.327657219310807
823,6.87,0.0814141035397514
827,6.03,0.351206853956687
828,8.14,0.00247811176186893
830,7.74,0.0289066228684314
831,7.8,0.0185016730046121
834,7.36,0.25741071466795
835,6.73,0.31013608685063
836,8.04,0.00203249451961542
838,7.51,0.0343503086733538
840,8.09,0.00596336324899361
841,5.51,0.206157538356762
842,6.4,0.149727178905101
844,4.81,0.286974029324014
846,6.54,0.100772997143347
848,8.75,0.0414401460980265
850,8.03,0.015594020015372
851,6.33,0.288717449296683
853,5.75,0.232569252049583
865,5.57,0.397762180535464
866,5.18,0.520207281070637
869,7.41,0.133766988703548
871,8.57,0.0952782624735101
872,7.81,0.132938667484615
874,8.13,0.0838537381784082
875,8.53,0.0100444898802636
883,8.7,0.00732640714962374
887,9.53,0.000271007234858965
891,9.88,0.000405315434714845
893,9.62,0.000346200036368293
896,5.22,0.27630552462512
900,9.24,0.0355630915111609
901,7.98,0.0143602163948068
902,9.21,0.0278562053129272
903,8.82,0.0189412511273746
905,9.26,0.0691100357205477
920,7.37,0.0510427995148051
930,6.63,0.294406611216042
931,5.95,0.197636075055947
935,8.02,0.0158538462890611
936,9.21,0.00539454104638889
940,8.64,0.0814522747757874
941,7.24,0.23811559839858
942,9.11,0.0548157796542988
944,8.82,0.120724098385903
954,7.38,0.26677279555303
957,8.27,0.187717375500479
964,7.99,0.0269014529660155
971,9.12,0.000335235780077499
973,7.73,0.184267887352109
974,8.08,0.0142037897878981
975,7.54,0.036081917208744
977,7.13,0.296695200065661
982,8.1,0.0662885729385631
984,8,0.0135093598735921
994,7.2,0.294176470492081
1002,8,0.000551571540986241
1006,7.73,0.214946930417178
1010,6.8,0.422955346928755
1012,5.55,0.455735846090998
1015,7.28,0.0151800435172299
1020,7.78,0.0432070952667928
1024,7.4,0.459276684154291
1028,8.52,0.0979833246496004
1038,5.47,0.473215158247812
1042,6.16,0.549888400471553
1045,8.51,0.0167601897871863
1058,6.16,0.441138286548058
1059,8.75,0.194106286459586
1060,7.14,0.313740509117534
1062,7.63,0.0698942359867986
1068,1.7,0.23618104689468
1073,6.23,0.328292167451355
1085,5.04,0.516527990783425
1091,5.87,0.114496940920782
1123,5.78,0.284885018336297
1133,6.86,0.592880325425436
1134,6.55,0.479799831941453
1135,3.77,0.521388397117885
1140,6.12,0.404915231096927
1142,6.24,0.404486575595747
1144,7.36,0.0059386021632377
1145,7.88,0.0141997103804637
1148,6.3,0.330786906724136
1149,8.29,0.13172862602711
1151,5.59,0.506061656872496
1155,8.41,0.117225711554633
1157,8.24,0.00904184398611473
1159,6.93,0.347360253736078
1160,9.24,0.0591519795890415
1163,7.48,0.426362225573952
1164,5.17,0.355769965506434
1165,4.33,0.284962556103449
1166,7.37,0.219353705947537
1167,7.87,0.0233470932553084
1168,7.64,0.16115803219544
1169,6.86,0.364297644667329
1172,5.86,0.180608919067554
1173,8.15,0.0100012926036773
1176,7.42,0.115358857531069
1178,5.71,0.205991450485226
1182,1.16,0.477920293843987
1185,6.93,0.0293052050802665
1187,5.9,0.243888452644385
1192,8.28,0.119653487640319
1195,6.84,0.0547931306677728
1201,4.59,0.568325158558557
1205,6.26,0.369869373144745
1208,6.06,0.341118739240759
1209,5.39,0.228334676607847
1211,7.77,0.0167336051951087
1212,7.65,0.025486119591119
1213,8.76,0.0833444483752584
1218,5.44,0.504412649565208
1223,5.76,0.55405365904408
1225,6.86,0.186078651788579
1226,8.12,0.192105822386923
1227,8.32,0.0161574165640475
1228,8.21,0.0563418023232999
1231,8.5,0.183843257948073
1234,5.94,0.196616543080676
1235,7.82,0.0265300232929042
1236,7.16,0.151160189075275
1248,7.01,0.0499686179610956
1249,8.46,0.286049519681121
1251,8.7,0.0788626448290788
1253,8.68,0.0745003205286137
1254,8.96,0.179034060592725
1261,7.7,0.277583772391289
1263,7,0.0114204662770345
1264,8.79,0.00295881657678831
1266,8.7,0.0705128665716342
1267,4.15,0.456939305582863
1270,5.18,0.447093528609098
1272,2.68,0.184113632141777
1273,1.93,0
1274,7.11,0.211874188874023
1277,4.27,0.181238798720601
1583,7.5,0.232470094746206
1591,1.52,0.273930052217931
1593,8.31,0.0285762820621999
1594,7.94,0.305082552040165
1596,9.15,0.0444915227586123
1597,8.62,0.0263957769789654
1598,8.77,0.223177002884533
1599,7.57,0.152173707239537
1629,8.49,0.0236145242345919
1631,7.56,0.00711576748252556
1633,8.4,0.0127748719484082
1636,3.86,0.32591579789147
1638,5.82,0.503406941450821
1639,8.81,0.00046276074667963
1641,8.22,0.00576450844479751
1643,5.13,0.36589585642822
1644,6.77,0.363947807454535
1645,6.31,0.16709011347507
1648,4.61,0.575338403448011
1649,6.21,0.167284620043006
1650,7.63,0.0442701996862698
1653,6.07,0.586367400580648
1655,7.34,0.307063437635047
1657,6.97,0.168626155009757
1658,6.09,0.548934791007098
1677,7.39,0.0307763230600368
1687,7.73,0.113411223939047
1688,7.78,0.0525239484033669
1699,6.33,0.191340883502615
1702,8.53,0.0276593775662068
1705,6.44,0.236985107543903
1706,4.01,0.529050436010401
1707,7.39,0.0459268204573371
1708,7.86,0.0254011548682989
1709,7.84,0.0372376605310113
1710,6.26,0.528509066390766
1711,4.04,0.586496089263865
1714,6.07,0.346953781360668
1717,5.41,0.538163699628969
1718,2.66,0.388445170896182
1722,4.91,0.570021807724184
1723,7.15,0.0221998187862937
1724,6.06,0.343207801060167
1727,8.31,0.0211811051085785
1730,6.44,0.587776158968287
1737,8.06,0.0588795721950487
1758,7.84,0.0500088271330742
1760,6.47,0.153930881121395
1805,8.51,0.236253471131681
1808,7.15,0.0966512583513112
1809,7.83,0.216251351124955
1810,5.64,0.357647391722161
1811,5.36,0.484389883034354
1814,5.66,0.268619077243839
1819,7.13,0.23488339913152
1826,7.2,0.483318209012256
1833,6.53,0.505053535651496
1836,6.46,0.562576843878191
1839,4.69,0.12885915103576
1842,5.33,0.504103063824396
1844,8.36,0.0448772653316592
1845,8.45,0.125284473967934
1854,7.16,0.38573941715862
1860,7.63,0.296867272040644
1861,4.47,0.475309850847774
1862,6.56,0.179212837467676
1863,7.08,0.116008076600164
1864,6.33,0.0825098538342064
1872,6.96,0.496578336357993
1888,7.2,0.388912709236311
1890,5.4,0.399176359903892
1894,8.38,0.00619075532115057
1895,5.43,0.160602308702837
1897,3.9,0.256881873964481
1900,7.63,0.106582499331801
1901,5.91,0.45509918009909
1903,5.99,0.0950093008763211
1904,6.29,0.484909952804031
1906,5.54,0.256628365057252
1908,8.11,0.0212392424295585
1910,5.33,0.267777050469743
1918,5.4,0.235863826263326
1923,7.64,0.209637897217303
1924,7.13,0.0403768186578736
1925,7.92,0.0786801945308002
1926,7.59,0.0887301747494271
1930,8.89,0.219353705947537
1931,6.59,0.352337377752383
1932,5.9,0.213073571877647
1935,5.73,0.0659687957218041
1937,6.2,0.34040760177596
1939,4.66,0.483646522420656
1943,7.13,0.200719470462614
1946,7.25,0.199613515467917
1948,8.76,0.0265373799509069
1952,7.84,0.0264896091136947
1953,8.14,0.174067205776477
1954,5.38,0.371570211913497
1955,6.53,0.41025641025641
1962,6.85,0.369449158535342
1963,8.44,0.0913708261715771
1965,6.71,0.167444537017011
1968,7.45,0.307978527007856
1980,8.62,0.0339392454527864
2035,6.64,0.570021807724184
2064,4.06,0.361081211735465
2115,5.15,0.555515664992884
2116,5.63,0.491602254874855
2118,4.41,0.622512080460032
2120,5.35,0.555515664992884
2121,4.75,0.517566482369388
2129,6.6,0.460915760380302
2134,6.83,0.0746605070355502
2135,7.94,0.352305280576706
2136,6.82,0.101809696643846
2137,7.92,0.0154407039555079
2142,7.96,0.0411547737361501
2145,7.84,0.0128767842138418
2148,8.97,0.00767799656672892
2149,7.44,0.108830269938547
2150,5.54,0.342226476383142
2167,4.93,0.483925273088684
2171,8.41,0.24246049537143
2175,9,0.00175175627026881
2177,7.59,0.0107046727743867
2182,8.39,0.0091602397043637
2187,8.5,0.0328806111341429
2191,9.34,0.000680997125711599
2194,7.79,0.0947447013097683
2198,8.79,0.0555542741708786
2205,7.18,0.271749803808842
2206,6.99,0.177315212682047
2212,9.26,0.00245100602318835
2214,7.03,0.363731381482086
2225,6.59,0.0351788243331986
2228,7.82,0.0605024270369858
2229,7.34,0.150535530792156
2232,6.28,0.40324962419737
2238,4.22,0.497915155402499
2245,7.2,0.118701605766562
2251,5.98,0.602316277320683
2254,6.25,0.182771700190856
2257,6.81,0.112917112930631
2266,5.62,0.426991235187059
2267,6.7,0.380658439999
2269,7.34,0.319985426442383
2273,5.43,0.361826695354061
2278,5.3,0.433273946273615
2300,5.69,0.377261203345289
2301,8.13,0.219646039283707
2306,8.19,0.345079181869685
2309,7.47,0.0212964760107857
2310,7.77,0.0116947015243496
2334,6.05,0.43605209821796
2346,5.87,0.44290180375087
2347,5.7,0.406990762677368
2356,8.72,0.109483046908039
2358,8.27,0.174660445867579
2363,6.33,0.498262110968918
2368,7.93,0.576966855356346
2370,5.47,0.394706481388333
2428,2.83,0.482662004224002
2429,6.35,0.368909043025385
2431,2.43,0.472748308746106
2433,6.97,0.226522308284927
2443,4.78,0.294899186918888
2448,3.35,0.49335955306108
2453,4.95,0.623512662112559
2487,3.23,0.289032706970915
2488,7,0.295237599258412
2489,8.92,0.00143799611169367
2490,8.44,0.0368575462189877
2491,3.28,0.631181248985768
2495,6.85,0.0879614014347566
2498,8,0.146306453905977
2503,7.06,0.209689464466797
2507,6.63,0.413866255865551
2508,7,0.252812886459561
2509,7.76,0.145632787024645
2514,4.35,0.355141715449332
2517,7.24,0.180970878947418
2518,4.9,0.325069494771141
2532,8.78,0.0855667723560647
2535,8.78,0.0179489152328132
2538,8.35,0.0316518261455564
2539,8.52,0.0224898697267653
2541,7.14,0.224479741743178
2542,7.94,0.399854458401111
2545,7.02,0.488436254406548
2554,7.6,0.0845206680713082
2560,8.14,0.24169268558674
2563,7.55,0.281342439323463
2581,6.03,0.398806015170864
2591,3.71,0.528904917531925
2594,8.15,0.336327500205545
2598,6.06,0.369015893194338
2599,4.34,0.132761260191548
2607,7.89,0.0748067420053881
2624,7.54,0.0461930345879898
2625,6.82,0.0473623244218872
2628,4.62,0.56470629658489
2632,9.01,0.0106948352545727
2633,8.27,0.00786514745906304
2641,8.15,0.0431369519354219
2658,7.23,0.024243587595372
2663,8,0.00875690444083387
2671,6.2,0.111328118543767
2687,1.94,0.568325158558557
2690,6.01,0.486341427111546
2693,5.41,0.348169175028285
2698,4.62,0.578575217949912
2703,4.15,0.50816149835194
2705,3.97,0.612694205919087
2708,3.27,0.472121408017877
2724,3.15,0.275898817228429
2735,4.79,0.5292671094362
2747,4.65,0.437131716373248
2754,6.77,0.069661378877139
2756,7.74,0.233558034083884
2762,5.1,0.645479767780817
2771,8.77,0.19399215837999
2772,7.57,0.163616230660442
2803,8.87,0.00396150245199529
2805,8.72,0.0872410494713238
2811,8.69,0.001343373654218
2815,6,0.117157354490597
2817,7.49,0.34693863979884
2852,5.42,0.371733163737829
2853,6.54,0.321164026463698
2856,6.56,0.32160826136285
2857,7.09,0.216999874600898
2859,6.57,0.246282593371336
2866,5.94,0.383985993408238
2868,6.13,0.445513284388205
2871,7.78,0.191429780361451
2894,2.83,0.551234091363989
2901,4.01,0.612694205919087
2902,8.66,0.0744397233329978
2933,7.78,0.000955418529583374
2948,8.6,0.0488906677408022
2950,6.83,0.497932696406104
2952,7.54,0.127231404460694
2954,7.51,0.296358808799199
2962,6,0.529050436010401
3000,7.17,0.163219242020397
3003,7.26,0.115542109873343
3005,7.51,0.172540783155982
3027,7.35,0.197313456808313
3040,7.93,0.149781085852784
3050,2.79,0.281550536026666
3051,2.38,0.110753242008866
3068,7.07,0.0338507275767425
3077,6.04,0.372439776095589
3078,5.79,0.188717451473273
3083,7.12,0.255458467910606
3084,8.11,0.0561304696027951
3085,8.41,0.100485838545968
3087,7.76,0.26968097544903
3093,6.87,0.124868098048849
3095,7.92,0.0721554255829799
3096,7.58,0.0743069636854738
3101,7.86,0.241820252288241
3102,5.71,0.425692607816214
3113,8.09,0.113072142237478
3114,8.89,0.188145608730793
3119,6.26,0.468158301597607
3126,6.75,0.146394102016615
3127,6.41,0.504108088124066
3133,7.41,0.123485531369044
3146,8.72,0.172970561421468
3163,7.93,0.21298452391379
3171,7.22,0.180113495734998
3175,8.96,0.0167060421491982
3179,6.34,0.329978013003289
3180,8.86,0.016131368955511
3181,7.37,0.142029767607698
3182,5.38,0.419671595433829
3248,5.37,0.319599497312645
3249,5.94,0.577028002730572
3250,5.19,0.306574956740968
3264,6.46,0.0902659209083072
3267,5.07,0.438461538461539
3273,5.72,0.51351890154942
3274,6.1,0.386289306854319
3277,7.24,0.530039890377339
3280,5.68,0.515464645214652
3286,7.93,0.0150189730518127
3295,6.69,0.284277745085885
3308,7.38,0.0313362891461379
3310,7.02,0.109201104741767
3312,7.39,0.352223338174578
3321,7.08,0.0503290153436589
3323,5.23,0.608826589124815
3324,5.39,0.264998078886268
3331,7.99,0.0987198815623179
3332,6.46,0.426677836368524
3337,4.2,0.505076142131979
3343,6.6,0.372915381676839
3345,5.78,0.645479767780817
3346,5.39,0.34692854185637
3353,3.56,0.429232313837151
3356,7.56,0.304101263767813
3358,6.37,0.392206495303621
3359,6.1,0.233846321698423
3373,5.34,0.539869766994651
3376,7.23,0.153737085805167
3387,7.85,0.185752627457434
3413,8.15,0.121245804565075
3414,7.46,0.153532636981676
3420,5.82,0.361649061032865
3431,6.17,0.577536126900873
3432,4.21,0.31468786410144
3436,7.02,0.456380200567097
3447,6.37,0.261336662098897
3448,6.47,0.464561364520152
3456,6.89,0.328466251355574
3457,6.79,0.234280797077036
3459,6.35,0.343591266835958
3460,5.52,0.5666082959445
3463,2.2,0.521388397117885
3487,7.91,0.116667753573191
3491,7.14,0.333275967582936
3586,7.45,0.0535338417306025
3587,9.07,0.0231838442703106
3589,7.49,0.00837851236781824
3597,7.98,0.0583563967480433
3657,5.13,0.657658567925259
3668,7.59,0.26046410002414
3670,5.9,0.193916752476488
3675,7.63,0.185355319699755
3753,8.44,0.0369466465781286
3772,9.21,0.0221714583026879
3786,8.52,0.00915789562039044
3801,8.82,0.0264909075838839
3803,7.24,0.197313456808313
3819,5.88,0.236798776960209
3822,4.95,0.355948257220864
3824,5.93,0.466647326447027
3826,3.4,0.499817886394344
3910,8.45,0.00334140151678405
3912,8.41,0.0140422275269155
3939,8.61,0.0522710995130715
3941,7.91,0.0217091811546079
3942,7.88,0.138525549660818
3943,7.75,0.111738103210284
3946,5.39,0.249788695987467
3947,3.32,0.275898817228429
3951,8.12,0.197235620489103
3952,8.32,0.226741516671472
3966,2.13,0.438572556680198
3969,6.7,0.458778632687395
3970,4.86,0.441430693102539
3975,7.37,0.170581439758816
3980,3.83,0.638359500982044
3983,7.26,0.0756180485666965
3985,8.67,0.0878109483598222
3987,8.58,0.0320174418534713
3989,7.88,0.109407654689538
3990,6.33,0.32960774576685
3994,8.21,0.0248263913272445
3998,5.75,0.399996615500783
4103,6.88,0.214312010877023
4104,6.76,0.0503159721083538
4116,3.73,0.472121408017877
4125,7.97,0.0275713032397285
4126,5.41,0.483925273088684
4127,3.06,0.450140676180943
4128,5.61,0.227072930737268
4150,7.02,0.213760531816409
4161,8.68,0.142224586335284
4356,7.8,0.0302565840357019
4357,4.71,0.621963743952959
4362,7.74,0.107621847623179
4365,2.22,0.482662004224002
4503,6.14,0.504687621620804
4504,6.83,0.436642345192428
4505,6.44,0.465172884582834
4506,7.24,0.493848227772253
4507,7.03,0.526294559925031
4508,7.45,0.376133568502758
4510,6.56,0.658475188637688
4511,6.57,0.35128923466863
4574,4.24,0.434195070538308
4579,6.75,0.258590050322174
4589,9.26,0.00776032542356185
4603,9.56,0.000665891804207899
4701,2.25,0.568325158558557
4702,4.67,0.472121408017877
4842,3.83,0.423234464416921
4845,7.78,0.0472566818304133
4850,8.44,0.0101061153257644
4853,9.25,0.011072406040577
4854,8.24,0.009125682815287
4857,8.72,0.0597233805372303
4858,7.9,0.0681040093265349
4873,3.34,0.300937372457465
4874,5.11,0.44738964021056
4894,8.64,0.153476779406954
4897,7.37,0.147832009499641
5000,5.81,0.0421676664913523
5008,4.64,0.53647850525718
5022,7.94,0.0172305960532737
5023,3.45,0.499179825498911
5024,3.4,0.124154274403918
5027,6.56,0.0762700135337208
6695,8.35,0.150182181530638
6696,7.59,0.10767026366732
6791,7.46,0.288821561002605
6793,7.06,0.198782491730126
6794,7.65,0.0262449472439709
6797,7.72,0.174317327207165
6798,5.32,0.369015893194338
6799,6.85,0.289138644341084
6800,7.55,0.304495092313841
6804,6.61,0.119085983016901
6805,4.81,0.399246275598521
6807,5.69,0.0939305673708278
6808,8.78,0.0772417590564812
6809,8.28,0.0951421390468758
6813,7.65,0.256089216079306
6815,7.53,0.0290106774823285
6816,4.11,0.5014268397577
6817,7.31,0.369449158535342
6818,8.02,0.083009243687837
6820,5.89,0.281611167137003
6825,5.86,0.46921917200062
6827,1.88,0.515000000000001
6828,6.68,0.355988066923638
6829,5.19,0.112676793825483
6834,6.97,0.383273404828801
6836,4.67,0.526983655159477
6850,6.27,0.243665433697487
6855,8.93,0.00454671826901143
6857,7.97,0.0248827079865719
6858,6.74,0.0729880043903382
6859,5.44,0.212682479559599
6860,5.4,0.59179110366562
6864,6.58,0.295628433629201
6869,8.04,0.0279355561326999
6870,4.88,0.267346861074348
6871,1.66,0.201827351268669
6872,4.36,0.313718916341394
6874,4.87,0.412883149112375
6875,6.26,0.44591887878221
6878,5.57,0.403786574184785
6882,7.44,0.00498957700792737
6883,7.62,0.179996538700664
6884,8.05,0.0426710409559476
6885,4.4,0.506061656872496
6888,7.75,0.0332614080146883
6891,5.01,0.561673937005061
6894,6.74,0.317593423402211
6896,8.66,0.0666240374607282
6903,5.61,0.58178017313945
6904,5.59,0.591402165413436
6907,4.95,0.505596643233815
6908,6.98,0.23259283325848
6913,6.9,0.0820207819026937
6918,6.18,0.499092574183282
6921,4.11,0.471593079984835
6922,5.3,0.468621519632298
6924,7.16,0.149391628639403
6925,6.79,0.0303542128990276
6927,8.14,0.145534607032344
6930,6.77,0.419740742429338
6932,8.41,0.0299126754583547
6933,8.52,0.00480413449841201
6935,5.48,0.473207377351198
6936,7.52,0.0276677995957202
6938,5.29,0.483181957317903
6940,7.16,0.184637582570222
6942,6.7,0.27632423806711
6943,8.29,0.0864149143964847
6947,5.92,0.328466251355574
6950,3.99,0.457203729491056
6953,6.24,0.348853044415834
6955,6.8,0.189339809965715
6956,6.82,0.0988640455879415
7013,9.4,0.00250347994088666
7021,7.97,0.0145381813771901
7022,8.06,0.18904017280477
7031,8.17,0.00182212931111963
7037,6.31,0.532430614994994
7041,5.23,0.066822244053447
7043,8.84,0.0025123501688331
7045,8.31,0.00648812330270295
7047,4.8,0.601344551906989
7051,8.51,0.00376072167054686
7055,7.05,0.122650229227134
7057,4.4,0.4081616763246
7058,2.69,0.348001590692009
7060,8.12,0.00789037014863443
7064,7.23,0.0252601313153132
7066,6.85,0.0671323321696651
7069,8.85,0.00644285413529254
7070,7.46,0.105584650007362
7073,8.96,0.000384311148397261
7074,7.88,0.00382128943241412
7081,8.68,0.0204173600396953
7084,8.28,0.0422157942542512
7085,5.76,0.125553235664447
7086,6.86,0.152110654686198
7087,9.52,0.00147324318496103
7094,4.83,0.0475986367850366
7099,7.08,0.0309842607051713
7100,4.55,0.0518117324697955
7102,7.29,0.017605730754521
7104,9.25,0.00202945594495847
7107,7.95,0.0546346038398868
7111,7.97,0.0143543796312998
7112,8.01,0.0311052403543461
7113,7.63,0.113177963948276
7114,6.72,0.128587365666556
7118,4.9,0.467894017425328
7120,4.94,0.505076142131979
7123,8.55,0.114305524319046
7125,7.91,0.0656423833246932
7126,8.01,0.00655932011514779
7127,8.78,0.177308267354848
7129,8.08,0.222630377007474
7130,8.92,0.0486434245556191
7134,7.35,0.251185251909544
7138,8.77,0.0291408184179964
7139,8.14,0.164762238244874
7144,7.18,0.250071839283976
7147,8.38,0.0536539719850849
7148,7.27,0.209640136552035
7149,8.18,0.119817830829363
7151,5.98,0.124856811445961
7154,8.53,0.156385612716214
7158,7.52,0.301328135382487
7159,6.2,0.235478939600886
7161,7.95,0.0783834239315496
7162,5.82,0.525892734774215
7163,7.86,0.126010340752839
7164,7.04,0.229807324557682
7165,8.07,0.0728391073038164
7166,8.56,0.0958688314503404
7167,7.79,0.179447455029039
7170,5.86,0.498168664123593
7172,6.12,0.400027672201217
7174,6.29,0.382078357229414
7175,7.88,0.160812306485844
7176,6.85,0.27630552462512
7178,6.77,0.27538306957796
7181,7.32,0.392739960035266
7183,7.34,0.0682615679901413
7184,7.56,0.174857459801046
7185,6.4,0.116209043188627
7186,7.31,0.12729973610394
7189,5.1,0.577603620695957
7191,8.09,0.168334915815384
7193,9,0.0265787178143289
7194,8.2,0.0125842548620806
7196,8.75,0.047943686700642
7197,7.04,0.0711486558834458
7201,7.91,0.215931755482858
7202,6.56,0.207534323546878
7204,8.89,0.0105610617013306
7206,5.81,0.51672801530789
7208,5.9,0.292752592455357
7209,7.17,0.197018985606264
7212,8.1,0.0679252181775152
7213,7.3,0.104546915457576
7214,5.15,0.330578275326591
7218,5.79,0.0921273085613099
7220,6.02,0.0693366031169938
7224,8.27,0.0821773120835907
7229,7.51,0.0628721330609488
7233,2.76,0.25628216088525
7234,3.31,0.436544953168361
7236,6.82,0.156073133370406
7238,7.78,0.0158741784993241
7414,8.21,0.16612091548419
7534,5.67,0.520207281070637
7538,5.9,0.540713561355002
7593,7.5,0.483396025996327
7596,6.61,0.491602254874855
7664,6.58,0.539338883638432
7668,8.68,0.0841816291951836
7669,6.86,0.124232790904868
7671,8.17,0.0134207646859186
7672,7.87,0.162913007181563
7674,7.7,0.109325956308223
7680,8.57,0.106196332256209
7690,7.36,0.201741744505214
7692,7.81,0.192573950088854
7739,7.72,0.202932043148142
7740,5.42,0.401646964183145
7759,8.37,0.21624688172134
7761,8.08,0.00122232261285833
7762,8.42,0.0215316810369448
7766,8.27,0.0481256663813333
7768,8.77,0.0398890666489435
7770,4.03,0.333335899084572
7821,4.12,0.590179183492713
7823,4.09,0.403289841793731
7824,3.67,0.322324893268814
7825,0.48,0.552238805970149
7826,3.97,0.600771108079905
7831,4.01,0.25531914893617
7832,6.43,0.436539743256979
7835,5.38,0.392153501234649
7854,8.32,0.0680967263656566
7856,8.75,0.0175865354290018
7857,7.51,0.132844097115731
7878,8.56,0.0333906089729462
7881,9.21,0.00878773296797339
7889,6.53,0.261398299360219
7903,7.56,0.0977602559076161
7904,4.38,0.299966702114248
7905,5.77,0.539935083728217
7906,8.79,0.024584749635857
7908,8.97,0.0144363105852869
NA,NA,NA
